clube_id;lat;lon;score;cluster_k2;cluster_k3;cluster_k4
BOTAFOGO/sao_paulo;-20.4302;-47.8236;0.0040428906347017525;1;1;3
LONDRINA/parana;-23.304;-51.1691;0.003746851933355181;1;1;1
VOLTA REDONDA/rio_de_janeiro;-22.5202;-44.0996;0.0037120688940116887;1;1;3
ABC/rio_grande_do_norte;-5.7945;-35.2119;0.003704859133105362;0;0;2
CONFIANÇA/sergipe;-10.9091;-37.0677;0.003637034306389051;0;0;2
ITUANO/sao_paulo;-23.2544;-47.2927;0.003574147614584941;1;1;1
TOMBENSE/minas_gerais;-20.9086;-42.0228;0.003550825947573315;1;1;3
AMAZONAS/amazonas;-3.11866;-60.0212;0.0034799504344874767;0;2;0
BRASILIENSE/distrito_federal;-15.8333;-48.0569;0.0034517549690828092;1;2;3
SÃO BERNARDO/sao_paulo;-23.6914;-46.5646;0.003295435733847135;1;1;1
FIGUEIRENSE/santa_catarina;-27.5945;-48.5477;0.0032253488350467165;1;1;1
YPIRANGA/rio_grande_do_sul;-27.6364;-52.2697;0.003073438600535385;1;1;1
AMÉRICA/rio_grande_do_norte;-5.79357;-35.1986;0.0030505174092406518;0;0;2
SÃO JOSÉ/rio_grande_do_sul;-30.0318;-51.2065;0.0030043031907027624;1;1;1
MANAUS/amazonas;-3.11866;-60.0212;0.0029533129381487857;0;2;0
FERROVIÁRIA/sao_paulo;-22.8837;-48.4437;0.0029416406389744993;1;1;1
BOTAFOGO/paraiba;-7.11509;-34.8641;0.0029295921000792157;0;0;2
RETRÔ/pernambuco;-8.02351;-34.9782;0.00279671809966479;0;0;2
FERROVIÁRIO/ceara;-6.12291;-39.8736;0.0027933078655836556;0;0;2
GRÊMIO NOVORIZONTINO/sao_paulo;-21.4681;-49.2211;0.002784909560225435;1;1;1
NOVA IGUAÇU/rio_de_janeiro;-22.7556;-43.4603;0.002774549402121175;1;1;3
CAXIAS/rio_grande_do_sul;-29.1629;-51.1792;0.0026549370888003633;1;1;1
ALTOS/piaui;-5.03888;-42.4612;0.002612327261781846;0;0;2
MARINGÁ/parana;-23.4205;-51.9333;0.002578842359205984;1;1;1
APARECIDENSE/goias;-16.8198;-49.2469;0.0024971386396225636;1;2;3
TOCANTINÓPOLIS/tocantins;-6.32447;-47.4224;0.002481372919783465;0;2;0
SANTA CRUZ/pernambuco;-8.04666;-34.8771;0.0024487430585053366;0;0;2
OPERÁRIO/mato_grosso_do_sul;-20.4697;-54.6201;0.002338257150985212;1;2;1
PORTUGUESA/rio_de_janeiro;-22.9129;-43.2003;0.002237607803111858;1;1;3
CEILÂNDIA/distrito_federal;-15.8208;-48.1122;0.00220724659270526;1;2;3
FLORESTA/ceara;-3.71664;-38.5423;0.0022026285183247116;0;0;2
BRASIL/rio_grande_do_sul;-29.2227;-51.3419;0.0021943704389579075;1;1;1
ATHLETIC/minas_gerais;-21.1356;-44.2611;0.0021936093993989683;1;1;3
CASCAVEL/parana;-24.9573;-53.459;0.002141305571581267;1;1;1
NOVORIZONTINO/sao_paulo;-21.4681;-49.2211;0.0021272065613656965;1;1;1
SOUSA/paraiba;-6.75148;-38.2311;0.0021248619170207207;0;0;2
SÃO RAIMUNDO/roraima;2.82384;-60.6753;0.002070087331700078;0;2;0
SERGIPE/sergipe;-10.9091;-37.0677;0.0020264922369049813;0;0;2
REAL NOROESTE/espirito_santo;-18.9846;-40.7437;0.0019614613898254383;1;0;3
ANÁPOLIS/goias;-16.3281;-48.953;0.0019536576766654443;1;2;3
DEMOCRATA/minas_gerais;-18.8545;-41.9555;0.0019300879788710552;1;0;3
ITABAIANA/sergipe;-10.6853;-37.4253;0.0019098788170711536;0;0;2
COSTA RICA/mato_grosso_do_sul;-18.5432;-53.1287;0.0018405619094225348;1;2;1
PARANÁ/parana;-24.0463;-52.378;0.0018043252596468143;1;1;1
ASA/alagoas;-9.75487;-36.6615;0.001793830619478772;0;0;2
JUAZEIRENSE/bahia;-9.41622;-40.5033;0.001750824283447179;0;0;2
JACUIPENSE/bahia;-11.8067;-39.3818;0.0017477150264343744;0;0;2
CAMPINENSE/paraiba;-7.22196;-35.8731;0.0017348897926868956;0;0;2
TUNA LUSO/para;-1.4554;-48.4898;0.0016942886399057002;0;2;0
RIO BRANCO/espirito_santo;-20.3155;-40.3128;0.0016942324063227944;1;0;3
TREZE/paraiba;-7.22196;-35.8731;0.0016749139717173508;0;0;2
BAHIA DE FEIRA/bahia;-12.2664;-38.9663;0.0016700393822807922;0;0;2
GAMA/distrito_federal;-16.0183;-48.0667;0.0016691336618936193;1;2;3
OESTE/sao_paulo;-21.5942;-48.8149;0.0016367434403168977;1;1;1
LAGARTO/sergipe;-10.9136;-37.6689;0.0016289734243975767;0;0;2
MARCÍLIO DIAS/santa_catarina;-26.9101;-48.6705;0.0016286689294381755;1;1;1
MOTO CLUB/maranhao;-2.5307;-44.3068;0.0016186587936605431;0;0;2
MARANHÃO/maranhao;-4.22447;-44.7832;0.0015843612858110567;0;0;2
INTER DE LIMEIRA/sao_paulo;-22.566;-47.397;0.001570058549326238;1;1;3
SÃO LUIZ/rio_grande_do_sul;-28.388;-53.92;0.0015476096700332647;1;1;1
JOINVILLE/santa_catarina;-26.3045;-48.8487;0.0015421945248419657;1;1;1
VITÓRIA/espirito_santo;-20.3155;-40.3128;0.001513753019297646;1;0;3
TREM/amapa;0.034934;-51.0694;0.0014964253776110724;0;2;0
POUSO ALEGRE/minas_gerais;-22.2266;-45.9389;0.0014897197660467304;1;1;3
OLARIA/rio_de_janeiro;-22.842143012;-43.26699613;0.0014535006704495441;1;1;3
RÍVER/piaui;-5.09194;-42.8034;0.0014412037200732203;0;0;2
FLUMINENSE/piaui;-5.09194;-42.8034;0.001439643947125192;0;0;2
MANAUARA/amazonas;-3.11866;-60.0212;0.0014163437175831728;0;2;0
ATLÉTICO/bahia;-12.1335;-38.4208;0.001411454918669459;0;0;2
GRÊMIO PRUDENTE/sao_paulo;-22.1207;-51.3925;0.0014022931889899996;1;1;1
IGUATU/ceara;-6.36281;-39.2892;0.0014022300036167226;0;0;2
4 DE JULHO/piaui;-4.27157;-41.7716;0.0013887986517974536;0;0;2
RIO BRANCO/sao_paulo;-22.7374;-47.3331;0.0013811173632273213;1;1;3
MARICÁ/rio_de_janeiro;-22.9354;-42.8246;0.0013803926900870878;1;1;3
PORTUGUESA/sao_paulo;-23.5329;-46.6395;0.0013765291961623373;1;1;3
BARRA/santa_catarina;-26.9922;-48.6353;0.0013619129445367167;1;1;1
DOURADOS/mato_grosso_do_sul;-22.4136;-54.2335;0.001354846375836622;1;1;1
CAPITAL CF/distrito_federal;-15.8222;-47.9781;0.0013295723182223877;1;2;3
CIANORTE/parana;-23.6599;-52.6054;0.001329229170806421;1;1;1
CAMBORIÚ/santa_catarina;-27.0241;-48.6503;0.0013161865223235102;1;1;1
SAMPAIO CORRÊA/rio_de_janeiro;-22.9129;-43.2003;0.0013143390227890758;1;1;3
AIMORÉ/rio_grande_do_sul;-29.7545;-51.1498;0.0013051362820177034;1;1;1
DUQUE DE CAXIAS/rio_de_janeiro;-22.7858;-43.3049;0.0013007419611642695;1;1;3
XV DE PIRACICABA/sao_paulo;-22.7338;-47.6476;0.0012989003982193307;1;1;1
SANTO ANDRÉ/sao_paulo;-23.6737;-46.5432;0.0012978808526311447;1;1;1
PARNAHYBA/piaui;-2.90585;-41.7754;0.0012812306997234716;0;0;2
NOVA MUTUM/mato_grosso;-13.8344;-56.0728;0.0012747324045686585;1;2;0
GRAMADENSE/rio_grande_do_sul;-29.3791;-50.8764;0.0012717448414594685;1;1;1
GRÊMIO SÃO-CARLENSE/sao_paulo;-22.0174;-47.886;0.001271012370725212;1;1;3
NOVO HAMBURGO/rio_grande_do_sul;-29.6875;-51.1328;0.0012657841659043784;1;1;1
UBERLÂNDIA/minas_gerais;-18.9141;-48.2749;0.0012638737525846244;1;1;3
BETIM FUTEBOL/minas_gerais;-19.9668;-44.2008;0.0012610496890170673;1;1;3
MIXTO/mato_grosso;-15.601;-56.0974;0.0012560204845007657;1;2;0
XV DE JAÚ/sao_paulo;-22.2936;-48.5592;0.0012556038681592703;1;1;1
HERCÍLIO LUZ/santa_catarina;-28.4713;-49.0144;0.001249288128458657;1;1;1
NOVA VENÉCIA/espirito_santo;-18.715;-40.4053;0.0012433894017197004;1;0;3
ÁGUA SANTA/sao_paulo;-23.6813;-46.6205;0.00123764375451944;1;1;1
CAPITAL/tocantins;-10.1844;-48.3336;0.0012364581226745586;0;2;0
CENTRAL/pernambuco;-8.28455;-35.9699;0.0012360067895959782;0;0;2
BELFORD ROXO/rio_de_janeiro;-22.764;-43.3992;0.001234443033758022;1;1;3
AMERICA/rio_de_janeiro;-22.9129;-43.2003;0.0012339433005037995;1;1;3
SÃO BENTO/sao_paulo;-23.4969;-47.4451;0.0012222928167484233;1;1;1
CASTANHAL/para;-1.29797;-47.9167;0.0012179083782513994;0;2;0
AUDAX RIO/rio_de_janeiro;-22.8058;-43.3729;0.001207079607563254;1;1;3
SÃO JOSÉ/sao_paulo;-23.1896;-45.8841;0.0012068331932114042;1;1;3
URT/minas_gerais;-18.5853;-46.5181;0.0012059125455232262;1;1;3
ÁGUIA NEGRA/mato_grosso_do_sul;-21.8033;-54.5427;0.001203573890246462;1;1;1
AMERICANO/rio_de_janeiro;-21.7622;-41.3181;0.001203151182860387;1;1;3
REAL BRASÍLIA/distrito_federal;-15.7795;-47.9297;0.001193761816128168;1;2;3
MARACANÃ/ceara;-3.86699;-38.6259;0.001188512226328177;0;0;2
PADUANO/rio_de_janeiro;-22.9129;-43.2003;0.0011875341851859942;1;1;3
INTERPORTO/tocantins;-10.7027;-48.408;0.001187133505557274;0;2;0
GLOBO/rio_grande_do_norte;-5.64323;-35.4247;0.0011864265535585974;0;0;2
TAQUARITINGA/sao_paulo;-21.4049;-48.5103;0.0011825386135852496;1;1;3
OPERÁRIO FERROVIÁRIO/parana;-25.0916;-50.1668;0.0011781851752285762;1;1;1
CEOV OPERÁRIO/mato_grosso;-15.65;-56.1325;0.001175919302277712;1;2;0
LUVERDENSE/mato_grosso;-13.0588;-55.9042;0.0011669855614398154;1;2;0
PÉROLAS NEGRAS/rio_de_janeiro;-22.6289;-43.8972;0.001160229459033463;1;1;3
SERRA/espirito_santo;-20.121;-40.3074;0.0011582964906635266;1;0;3
ICASA/ceara;-7.19621;-39.3076;0.0011566784089083165;0;0;2
IMPERATRIZ/maranhao;-5.51847;-47.4777;0.0011437373483458271;0;2;0
AQUIDAUANENSE/mato_grosso_do_sul;-20.4666;-55.7868;0.0011398968418612127;1;2;1
RESENDE/rio_de_janeiro;-22.4705;-44.4509;0.0011348478552273191;1;1;3
SERRANO/rio_de_janeiro;-22.52;-43.1926;0.0011294521456251907;1;1;3
BOAVISTA/rio_de_janeiro;-22.9292;-42.5099;0.0011279235108187036;1;1;3
CAUCAIA/ceara;-3.72797;-38.6619;0.0011255574570259493;0;0;2
CALDENSE/minas_gerais;-21.78;-46.5692;0.0011200827443830993;1;1;3
CABOFRIENSE/rio_de_janeiro;-22.8894;-42.0286;0.0011166969098404525;1;1;3
BELA VISTA/tocantins;-6.1219;-47.9211;0.0011135512713906133;0;2;0
NACIONAL/amazonas;-3.11866;-60.0212;0.0011113281456736424;0;2;0
HUMAITÁ/acre;-9.58138;-67.5478;0.0011090313214040884;1;2;0
UNIÃO RONDONÓPOLIS/mato_grosso;-16.4673;-54.6372;0.001108326268932186;1;2;1
ANAPOLINA/goias;-16.3281;-48.953;0.0011055824687796866;1;2;3
RIO BRANCO/acre;-9.974;-67.8076;0.0010995165664787867;1;2;0
ALECRIM/rio_grande_do_norte;-5.79357;-35.1986;0.0010862888454212455;0;0;2
PORTO VITÓRIA/espirito_santo;-20.3155;-40.3128;0.0010789185150854915;1;0;3
CATANDUVA/sao_paulo;-21.1314;-48.977;0.0010752615650394264;1;1;1
UNIVASSOURAS ARTSUL/rio_de_janeiro;-22.7556;-43.4603;0.0010742619779999965;1;1;3
GRÊMIO ANÁPOLIS/goias;-16.3281;-48.953;0.0010669240563573156;1;2;3
FALCON/sergipe;-10.9091;-37.0677;0.001065639154403423;0;0;2
BANGU/rio_de_janeiro;-22.9129;-43.2003;0.0010647581145276138;1;1;3
GOIANÉSIA/goias;-15.3118;-49.1162;0.001057165816822888;1;2;3
VOCEM/sao_paulo;-22.6622;-50.4181;0.001055478074780131;1;1;1
BARRA/sergipe;-10.91;-37.0317;0.0010540345573266134;0;0;2
CRUZEIRO/rio_grande_do_sul;-29.95;-51.0833;0.0010468709011752888;1;1;1
SÃO BORJA/rio_grande_do_sul;-28.6578;-56.0036;0.0010437134026557407;1;1;1
CRAC/goias;-18.1658;-47.9461;0.0010426706144050627;1;2;3
PETROLINA/pernambuco;-9.38866;-40.5027;0.001042085154036952;0;0;2
IPORÁ/goias;-16.4398;-51.118;0.0010351161782560646;1;2;3
NOROESTE/sao_paulo;-22.3246;-49.0871;0.0010327872919738642;1;1;1
IPATINGA/minas_gerais;-19.4703;-42.5476;0.0010310148400319396;1;0;3
FRANCANA/sao_paulo;-20.5352;-47.4039;0.001028607766609234;1;1;3
CSE/alagoas;-9.40568;-36.6328;0.0010278359298280322;0;0;2
RIO BRANCO DE VENDA NOVA/espirito_santo;-20.327;-41.1355;0.0010211089371922348;1;0;3
PACAJUS/ceara;-4.17107;-38.465;0.0010207045541293083;0;0;2
POTIGUAR/rio_grande_do_norte;-5.18374;-37.3474;0.0010200795533113905;0;0;2
MARÍLIA/sao_paulo;-22.2171;-49.9501;0.0010186604095281486;1;1;1
CAMETÁ/para;-2.24295;-49.4979;0.001013908563571134;0;2;0
MONTE AZUL/sao_paulo;-20.9065;-48.6387;0.0010060872289804654;1;1;3
VELO CLUBE/sao_paulo;-22.4114;-47.5614;0.0010007360468211519;1;1;3
COMERCIAL/mato_grosso_do_sul;-20.7849;-51.7007;0.001000124055768575;1;1;1
OLÍMPICO/sergipe;-11.2693;-37.7875;0.0009943008252477695;0;0;2
MAMORÉ/minas_gerais;-18.5699;-46.5013;0.0009942170127268564;1;1;3
FLAMENGO/sao_paulo;-23.4538;-46.5333;0.000993429796585061;1;1;3
PAULISTA/sao_paulo;-23.1852;-46.8974;0.0009916856993811242;1;1;3
CENTRO OESTE/goias;-15.9333;-50.14;0.0009881951118381603;1;2;3
AYMORÉS/minas_gerais;-21.1206;-42.9422;0.0009811981527603967;1;1;3
MACAPÁ/amapa;0.034934;-51.0694;0.000980201891897307;0;2;0
PARAGOMINAS/para;-3.00212;-47.3527;0.0009790907118782095;0;2;0
CA VOTUPORANGUENSE/sao_paulo;-20.4222;-49.9725;0.0009773707840596679;1;1;1
PALMAS/tocantins;-10.1844;-48.3336;0.000974828283144245;0;2;0
MONSOON/rio_grande_do_sul;-29.75;-50.0167;0.0009731533762723244;1;1;1
BRAGANTINO/para;-1.06126;-46.7826;0.0009722083285549322;0;2;0
BONSUCESSO/rio_de_janeiro;-22.9129;-43.2003;0.0009705265640226931;1;1;3
BOA ESPORTE/minas_gerais;-21.5556;-45.4364;0.0009701930879450559;1;1;3
CAPIVARIANO/sao_paulo;-22.9951;-47.5071;0.0009687061326111568;1;1;1
UNIÃO BARBARENSE/sao_paulo;-23.5208;-46.1854;0.0009589327174555447;1;1;3
AGUIA DE MARABA/para;-5.38075;-49.1327;0.0009542912189041044;0;2;0
NACIONAL/sao_paulo;-23.5329;-46.6395;0.000950256575526468;1;1;3
PENAPOLENSE/sao_paulo;-21.4148;-50.0769;0.000948372881603977;1;1;1
ITAPIRENSE/sao_paulo;-22.4357;-46.8224;0.0009453602657315169;1;1;3
INDEPENDENTE DE LIMEIRA/sao_paulo;-22.566;-47.397;0.0009432701632682072;1;1;3
JI-PARANÁ/rondonia;-10.8777;-61.9322;0.000942912606768345;1;2;0
GUARANI V. AIRES/rio_grande_do_sul;-29.6103;-52.1906;0.0009412850232531432;1;1;1
MURICI/alagoas;-9.30682;-35.9428;0.0009386375818578988;0;0;2
REAL ARIQUEMES/rondonia;-9.90571;-63.0325;0.0009380076554786519;1;2;0
GOYTACAZ/rio_de_janeiro;-21.7622;-41.3181;0.0009353654101475111;1;1;3
DESPORTIVA FERROVIÁRIA/espirito_santo;-20.3375;-40.3847;0.0009352862866238586;1;0;3
GOIÂNIA/goias;-16.6864;-49.2643;0.0009332656893979444;1;2;3
TUPYNAMBÁS/minas_gerais;-21.7595;-43.3398;0.000931477565580546;1;1;3
SÃO RAIMUNDO/para;-2.43849;-54.6996;0.0009309083911812965;0;2;0
SANTOS/amapa;0.034934;-51.0694;0.0009303371429007293;0;2;0
CANAÃ/para;-6.495;-49.8731;0.0009266532689157831;0;2;0
INHUMAS/goias;-16.3611;-49.5001;0.0009265448273933152;1;2;3
MAUÁ/sao_paulo;-23.6678;-46.4614;0.0009264662437140566;1;1;3
SANTA CRUZ DE NATAL/rio_grande_do_norte;-6.22475;-36.0193;0.0009240052019565488;0;0;2
GALVEZ/acre;-9.974;-67.8076;0.0009189345623347853;1;2;0
VILLA NOVA/minas_gerais;-19.9758;-43.8509;0.0009167479824945625;1;1;3
AZURIZ FUTEBOL/parana;-26.2292;-52.6706;0.0009164423606346051;1;1;1
JUVENTUS/sao_paulo;-23.5329;-46.6395;0.0009154268084457058;1;1;3
RIO CLARO/sao_paulo;-22.4114;-47.5614;0.0009148388429386992;1;1;3
GAZIN PORTO VELHO/rondonia;-8.76077;-63.8999;0.0009135194335924258;1;2;0
ÁGUIA/para;-5.38075;-49.1327;0.0009123191248794096;0;2;0
PRIMAVERA/sao_paulo;-23.0816;-47.2101;0.0009098255933404348;1;1;1
ITABUNA/bahia;-14.7876;-39.2781;0.0009091985121529599;0;0;2
GOIATUBA/goias;-18.0105;-49.3658;0.0009084835835799781;1;2;3
UNI SOUZA/rio_de_janeiro;-22.8669;-43.3458;0.0009058781745621988;1;1;3
GONÇALENSE/rio_de_janeiro;-22.5047;-43.1814;0.0009032161849025271;1;1;3
AFOGADOS DA INGAZEIRA/pernambuco;-7.74312;-37.631;0.0009018595327010476;0;0;2
DESPORTIVO BRASIL/sao_paulo;-23.2093;-47.5251;0.0009017182211400628;1;1;1
NORTH ESPORTE CLUBE/minas_gerais;-16.7244;-43.8617;0.0008958969819870442;1;0;3
TRINDADE/goias;-16.6517;-49.4927;0.0008936257661115597;1;2;3
NACIONAL ATL. MURIAÉ/minas_gerais;-21.13;-42.3693;0.0008928065655105548;1;1;3
CRUZEIRO/alagoas;-9.75164;-36.6604;0.0008909121411560971;0;0;2
GUARANY/sergipe;-9.91626;-37.2842;0.0008880477018278816;0;0;2
INDEPENDENTE/amapa;-0.0583;-51.1817;0.0008863719410593362;0;2;0
TAUBATÉ/sao_paulo;-23.0104;-45.5593;0.000880847561186916;1;1;3
GURUPI/tocantins;-11.7279;-49.068;0.0008791954522349497;0;2;0
PRINCESA/amazonas;-3.29066;-60.6216;0.0008777100266332608;0;2;0
UNIÃO ATLÉTICO/tocantins;-7.1925;-48.2078;0.0008758481995066434;0;2;0
VASCO/rio_de_janeiro;-22.9129;-43.2003;0.0008740958321899271;1;1;3
SÃO RAIMUNDO/amazonas;-3.11866;-60.0212;0.0008716266339812574;0;2;0
FRIBURGUENSE/rio_de_janeiro;-22.2932;-42.5377;0.0008714456824719697;1;1;3
VARGINHA/minas_gerais;-21.5597;-45.4389;0.0008711092151266857;1;1;3
CAMPO GRANDE/rio_de_janeiro;-22.9129;-43.2003;0.0008690852657881077;1;1;3
SALGUEIRO/pernambuco;-8.07373;-39.1247;0.0008667095336529425;0;0;2
UNIÃO SUZANO/sao_paulo;-23.5208;-46.1854;0.0008651946125194447;1;1;3
INTER DE BEBEDOURO/sao_paulo;-20.9491;-48.4791;0.00086275639189206;1;1;3
UBERABA/minas_gerais;-19.7472;-47.9381;0.0008622924205017723;1;1;3
PORTUGUESA SANTISTA/sao_paulo;-23.5329;-46.6395;0.0008620637169657225;1;1;3
SÃO GONÇALO/rio_de_janeiro;-22.8268;-43.0634;0.0008617842106318218;1;1;3
REAL SPORT CLUB/rio_grande_do_sul;-29.7642;-50.0282;0.0008605885770988162;1;1;1
GE BRASIL/rio_grande_do_sul;-29.2227;-51.3419;0.0008572478577497918;1;1;1
RIO GRANDE/rio_grande_do_sul;-32.0349;-52.1071;0.0008571741940565709;1;1;1
ATLÉTICO GLORIENSE/sergipe;-10.1172;-37.4528;0.0008563637731729798;0;0;2
AMÉRICA/sergipe;-10.2138;-36.8442;0.000855626326056647;0;0;2
SÃO FRANCISCO/para;-2.43849;-54.6996;0.000854227872219505;0;2;0
PARANOÁ/distrito_federal;-15.7744;-47.7817;0.0008519995078517505;1;2;3
GUANABARA CITY/goias;-16.6864;-49.2643;0.0008519460988143466;1;2;3
ITABIRITO/minas_gerais;-20.2528;-43.8053;0.0008519443856980842;1;1;3
ZUMBI/alagoas;-9.15921;-36.0223;0.0008516114241134074;0;0;2
AMAZÔNIA INDEPENDENTE/para;-2.63609;-54.9374;0.0008494149837162392;0;2;0
BANDEIRANTE/sao_paulo;-21.291;-50.3432;0.0008470232415159855;1;1;1
NACIONAL/paraiba;-6.98731;-34.8284;0.0008459959902614981;0;0;2
LINENSE/sao_paulo;-21.6718;-49.7526;0.0008398796771375015;1;1;1
BARCELONA DE ILHÉUS/bahia;-14.7935;-39.0331;0.0008316527548176547;0;0;2
JEQUIÉ/bahia;-13.8583;-40.0825;0.0008311673567098269;0;0;2
SKA BRASIL/sao_paulo;-23.4447;-46.9189;0.0008298844570060703;1;1;1
SÃO CAETANO/sao_paulo;-23.6229;-46.5548;0.0008291207633260831;1;1;3
HORIZONTE/ceara;-4.1025;-38.4875;0.000828759092517382;0;0;2
BARRETOS/sao_paulo;-20.5531;-48.5698;0.0008281443620371384;1;1;3
BARRA DA TIJUCA/rio_de_janeiro;-22.4165;-42.9752;0.000828012645980685;1;1;3
TIMON/piaui;-5.09769;-42.8329;0.0008263692935870059;0;0;2
ATLÉTICO/ceara;-3.71664;-38.5423;0.0008259855892665911;0;0;2
CAETÉ/para;-1.0536;-46.7656;0.0008233844139630623;0;2;0
RIO DE JANEIRO/rio_de_janeiro;-22.9129;-43.2003;0.0008214064464275973;1;1;3
GAÚCHO/rio_grande_do_sul;-28.2576;-52.4091;0.0008209277357628083;1;1;1
CAPITÃO POÇO/para;-1.7456;-47.0575;0.0008199352199915952;0;2;0
IAPE/maranhao;-2.5307;-44.3068;0.0008193086737022206;0;0;2
YPIRANGA/amapa;0.034934;-51.0694;0.0008187200533670204;0;2;0
NAVIRAIENSE/mato_grosso_do_sul;-23.0618;-54.1995;0.0008165250595882457;1;1;1
FOZ DO IGUAÇU/parana;-26.2273;-51.0873;0.000815456696779944;1;1;1
COMERCIAL/sao_paulo;-21.1699;-47.8099;0.0008083411225108843;1;1;3
FLUMINENSE DE FEIRA/bahia;-12.2664;-38.9663;0.0008048211429747259;0;0;2
JUVENTUDE/maranhao;-4.0417;-44.4717;0.0008042347015699348;0;0;2
CARAPEBUS/rio_de_janeiro;-22.1821;-41.663;0.0008032490942478948;1;1;3
COIMBRA/minas_gerais;-19.9102;-43.9266;0.0008019944283993799;1;1;3
NAÇÃO/santa_catarina;-26.3045;-48.8487;0.000801922166838839;1;1;1
VITÓRIA DAS TABOCAS/pernambuco;-8.1136;-35.2956;0.0008014768894724253;0;0;2
MINEIROS/goias;-17.5654;-52.5537;0.0008003507794221388;1;2;1
MADUREIRA/rio_de_janeiro;-22.9129;-43.2003;0.0007997570628567845;1;1;3
CORURIPE/alagoas;-10.1276;-36.1717;0.000799393601737393;0;0;2
CONCÓRDIA/santa_catarina;-27.2335;-52.026;0.0007975224853392453;1;1;1
GUARANI/minas_gerais;-20.1446;-44.8912;0.0007970044541556374;1;1;3
UNIÃO CACOALENSE/rondonia;-11.4343;-61.4562;0.0007940553786814074;1;2;0
ITAPIPOCA/ceara;-3.49933;-39.5836;0.0007929634302335917;0;0;2
SANTA ROSA/para;-1.4554;-48.4898;0.0007929227759592548;0;2;0
LAGUNA/rio_grande_do_norte;-6.2344;-35.0911;0.0007881939255703717;0;0;2
DORENSE/sergipe;-10.4854;-37.1963;0.0007865169039196778;0;0;2
GAS/roraima;2.8233;-60.675;0.0007834267466984764;0;2;0
CRATO/ceara;-7.2153;-39.4103;0.0007833434843200548;0;0;2
MARANGUAPE/ceara;-3.89143;-38.6829;0.0007830559030606382;0;0;2
PICOS/piaui;-7.07721;-41.467;0.0007763037112474524;0;0;2
VITÓRIA DA CONQUISTA/bahia;-12.9718;-38.5011;0.0007753463403321881;0;0;2
SANTA HELENA/goias;-17.8115;-50.5977;0.0007736818356603158;1;2;3
COLORADO CAIEIRAS/sao_paulo;-23.3639;-46.7411;0.0007724526960348518;1;1;3
CARLOS RENAUX/santa_catarina;-27.0977;-48.9107;0.0007723894670025244;1;1;1
SERC/mato_grosso_do_sul;-18.7836;-52.6178;0.000771108539370151;1;2;1
ATLÉTICO/paraiba;-6.59138;-37.6185;0.0007707307223252334;0;0;2
VERA CRUZ/pernambuco;-8.12819;-35.2976;0.0007698205424366581;0;0;2
NACIONAL/parana;-25.4195;-49.2646;0.0007683371330468301;1;1;1
AMÉRICA/goias;-17.7334;-49.1059;0.000767846122427608;1;2;3
UNIÃO DE RONDONÓPOLIS/mato_grosso;-16.4673;-54.6372;0.000765965476613508;1;2;0
FAST CLUBE/amazonas;-3.119;-60.0217;0.000765127338313791;0;2;0
SERRA MACAENSE/rio_de_janeiro;-22.3768;-41.7848;0.0007648766438649604;1;1;3
GRÊMIO MAUAENSE/sao_paulo;-23.6677;-46.4613;0.0007640188711359332;1;1;3
SÃO PAULO CRYSTAL/paraiba;-7.1517;-35.0847;0.0007587679021529965;0;0;2
SÃO PAULO/rio_grande_do_sul;-32.0349;-52.1071;0.000752599114048132;1;1;1
SANTA CATARINA/santa_catarina;-27.2156;-49.643;0.0007524104674190895;1;1;1
ANDRAUS/parana;-25.4578;-49.5297;0.0007521009447496205;1;1;1
DOM BOSCO/mato_grosso;-15.601;-56.0974;0.0007517220244777346;1;2;0
SERTÃOZINHO/sao_paulo;-21.1316;-47.9875;0.000751103256403464;1;1;3
BELA VISTA/goias;-16.9733;-48.9525;0.000750578588745427;1;2;3
FREI PAULISTANO/sergipe;-10.5513;-37.5279;0.0007504319717845685;0;0;2
SANTA CRUZ/rio_grande_do_sul;-29.722;-52.4343;0.0007492989182715989;1;1;1
UNIÃO SÃO JOÃO/sao_paulo;-22.3572;-47.3842;0.0007492686643115922;1;1;3
TUPI/minas_gerais;-21.7595;-43.3398;0.0007447730436025388;1;1;3
ATLÉTICO CEARENSE/ceara;-3.71664;-38.5423;0.0007447255070539858;0;0;2
PARAUAPEBAS/para;-6.06781;-49.9037;0.0007441867854349385;0;2;0
PARINTINS/amazonas;-2.6283;-56.7358;0.0007422296084150965;0;2;0
AMÉRICA T.O/minas_gerais;-19.9102;-43.9266;0.0007418530122530913;1;1;3
MACAÉ/rio_de_janeiro;-22.3768;-41.7848;0.0007416975250646402;1;1;3
ZINZA/rio_de_janeiro;-22.9129;-43.2003;0.0007415561057020883;1;1;3
VALERIODOCE/minas_gerais;-19.6239;-43.2312;0.0007363497748823531;1;1;3
JOSEENSE/sao_paulo;-23.3053;-45.9658;0.0007355963443542015;1;1;3
PARANAVAÍ/parana;-23.0816;-52.4617;0.0007332924897322728;1;1;1
JUVENTUS JARAGUÁ/santa_catarina;-26.4851;-49.0713;0.0007317663365158458;1;1;1
SÃO CRISTÓVÃO/rio_de_janeiro;-22.9129;-43.2003;0.0007301123520456706;1;1;3
OSASCO AUDAX/sao_paulo;-23.5324;-46.7916;0.0007255886786679294;1;1;1
RIO BRANCO/parana;-25.5161;-48.5225;0.0007247621199163403;1;1;1
OPERÁRIO/mato_grosso;-15.65;-56.1325;0.0007239035968124998;1;2;0
SÃO JOSEENSE/parana;-25.5347;-49.2064;0.0007209907163998734;1;1;1
SERRA BRANCA/paraiba;-6.88004;-38.5577;0.0007179990234484042;0;0;2
IVINHEMA/mato_grosso_do_sul;-22.3046;-53.8184;0.0007169147102572088;1;1;1
PATRIOTAS/parana;-25.4195;-49.2646;0.0007163542695117478;1;1;1
ELITE CD/rio_grande_do_sul;-32.0349;-52.1071;0.0007155788224477136;1;1;1
JABAQUARA/sao_paulo;-23.9535;-46.335;0.0007146040748105898;1;1;1
TAGUATINGA/distrito_federal;-15.8333;-48.0569;0.0007144273093788402;1;2;3
BATALHÃO/tocantins;-10.1844;-48.3336;0.0007091333030901856;0;2;0
PORTO VELHO ESPORTE CLUBE/rondonia;-8.76077;-63.8999;0.0007088081987797482;1;2;0
RIOGRANDENSE/rio_grande_do_sul;-29.6868;-53.8149;0.0007082140159686193;1;1;1
ABECAT OUVIDORENSE/goias;-18.2367;-47.8389;0.0007070350932233213;1;1;3
CAMPOS/rio_de_janeiro;-21.7622;-41.3181;0.000705952040101141;1;1;3
ASEEV/goias;-16.8317;-49.5317;0.0007048307530280674;1;2;3
TUNTUM/maranhao;-5.25476;-44.6444;0.0007007461342236406;0;0;2
LUZIÂNIA/goias;-16.253;-47.95;0.0006982895553640873;1;2;3
ESTRELA DO NORTE/espirito_santo;-20.8462;-41.1198;0.0006982758509332411;1;0;3
ARAGUAÍNA/tocantins;-7.19238;-48.2044;0.0006950185897955071;0;2;0
IZABELENSE/para;-1.29686;-48.1606;0.0006929357807530163;0;2;0
TOCANTINS MIRACEMA/tocantins;-9.56556;-48.393;0.0006920189394519588;0;2;0
SAMAMBAIA/distrito_federal;-15.8778;-48.0833;0.0006919840547225608;1;2;3
JATAIENSE/goias;-17.8784;-51.7204;0.0006915552414456811;1;2;1
PINHEIRENSE/para;-1.4554;-48.4898;0.0006885553998870194;0;2;0
ORATÓRIO/amapa;-0.0383;-51.0632;0.0006885373181046208;0;2;0
MATONENSE/sao_paulo;-21.6025;-48.364;0.0006880999779583915;1;1;3
ÍBIS/pernambuco;-7.9408;-34.8722;0.0006877597020244516;0;0;2
PORTO/pernambuco;-8.28455;-35.9699;0.0006864771772613304;0;0;2
ATLÉTICO/acre;-9.974;-67.8076;0.0006845834508379647;1;2;0
RIO PRETO/sao_paulo;-20.8113;-49.3758;0.000681547310147902;1;1;1
INTER DE LAGES/santa_catarina;-27.815;-50.3259;0.0006813342142250903;1;1;1
TANABI/sao_paulo;-20.6228;-49.6563;0.0006801985923022183;1;1;1
CA PATROCINENSE/minas_gerais;-18.9379;-46.9934;0.0006769557352933612;1;1;3
BÚZIOS/rio_de_janeiro;-22.7481;-41.8817;0.0006741407177073557;1;1;3
COLO COLO/bahia;-14.793;-39.046;0.0006732533712082727;0;0;2
PELOTAS/rio_grande_do_sul;-31.7653;-52.3375;0.0006718159442372024;1;1;1
INDEPENDENTE TUCURUÍ/para;-3.7664;-49.6725;0.0006713244650897226;0;2;0
ESTANCIANO/sergipe;-11.2659;-37.4484;0.0006657091808168982;0;0;2
PINHEIRO/maranhao;-2.52224;-45.0788;0.0006620450493691749;0;0;2
CORDINO/maranhao;-5.49682;-45.2485;0.0006597837196582033;0;0;2
BARBALHA/ceara;-7.2982;-39.3021;0.000659297178594118;0;0;2
CONFIANÇA/paraiba;-7.09359;-35.228;0.0006589680316345926;0;0;2
IGUAÇU/parana;-26.2273;-51.0873;0.0006572501177224261;1;1;1
ABD/goias;-15.9333;-50.14;0.0006570476585644582;1;2;3
ARRAIAL DO CABO/rio_de_janeiro;-22.8697;-42.3326;0.0006543119976328483;1;1;3
FUTEBOL COM VIDA/rio_grande_do_sul;-30.0822;-51.0189;0.0006535656035742397;1;1;1
INDEPENDÊNCIA/acre;-9.974;-67.8076;0.000652039164594817;1;2;0
NOVA CIDADE/rio_de_janeiro;-22.8057;-43.4233;0.0006494538882910834;1;1;3
VILAVELHENSE/espirito_santo;-20.3417;-40.2875;0.0006480584241402494;1;0;3
ATLÉTICO TUBARÃO/santa_catarina;-28.4713;-49.0144;0.0006474981448483354;1;1;1
BARAÚNAS/rio_grande_do_norte;-5.18374;-37.3474;0.0006460768555691545;0;0;2
CEILANDENSE/distrito_federal;-15.8208;-48.1122;0.0006448985582928917;1;2;3
CARAVAGGIO/santa_catarina;-28.6364;-49.4978;0.0006424467275871484;1;1;1
AMÉRICA/sao_paulo;-20.8113;-49.3758;0.0006404733297932931;1;1;1
LARANJA MECÂNICA/parana;-23.4144;-51.4233;0.0006403169886132379;1;1;1
ATLÉTICO PARAENSE/para;-1.36002;-48.3421;0.0006396627467250784;0;2;0
IMPÉRIO SERRANO/rio_de_janeiro;-22.9129;-43.2003;0.0006394408538768966;1;1;3
CORUMBAENSE/mato_grosso_do_sul;-19.0077;-57.651;0.0006383116630150082;1;2;1
PENAROL/amazonas;-3.13861;-58.4449;0.0006381025470646828;0;2;0
CARIRI/ceara;-7.2372;-39.4121;0.0006379787698039904;0;0;2
PARATY/rio_de_janeiro;-23.2178;-44.7131;0.000637427714942852;1;1;3
7 DE ABRIL/rio_de_janeiro;-22.9068;-43.1729;0.0006369945334303409;1;1;3
NITEROIENSE/rio_de_janeiro;-22.8832;-43.1034;0.0006355510749486299;1;1;3
RIO VERDE/goias;-17.7923;-50.9192;0.0006351310798288803;1;2;3
AZURIZ/parana;-26.2292;-52.6706;0.0006340359480953692;1;1;1
MANTHIQUEIRA/sao_paulo;-22.8075;-45.1938;0.00063096642746126;1;1;3
COXIM/mato_grosso_do_sul;-18.5013;-54.751;0.0006300235733681057;1;2;1
MAGUARY/pernambuco;-8.4719;-35.7272;0.0006275094006237715;0;0;2
TUPY/goias;-15.8653;-50.8678;0.0006268095221989117;1;2;3
OEIRENSE/piaui;-7.0253;-42.1311;0.0006263991880998118;0;0;2
ESMAC/para;-1.3653;-48.3725;0.0006261673604632144;0;2;0
ARAXÁ/minas_gerais;-19.5902;-46.9438;0.0006246938154219231;1;1;3
PSTC/parana;-23.1811;-50.6467;0.0006228018570144597;1;1;1
ARAÇATUBA/sao_paulo;-21.2076;-50.4401;0.0006216374344308106;1;1;1
BAGÉ/rio_grande_do_sul;-31.3297;-54.0999;0.0006199752470474229;1;1;1
GUARANY DE SOBRAL/ceara;-3.71664;-38.5423;0.0006198076240300686;0;0;2
ANGRA DOS REIS/rio_de_janeiro;-23.0011;-44.3196;0.0006191451607342752;1;1;3
GUAPORÉ/rondonia;-11.7271;-61.7714;0.0006180690175728398;1;2;0
GRAPIÚNA/bahia;-14.7876;-39.2781;0.0006172195879898566;0;0;2
AUTO ESPORTE/paraiba;-7.11509;-34.8641;0.0006130073057495136;0;0;2
GUARANI DE JUAZEIRO/ceara;-7.19621;-39.3076;0.0006115346993686405;0;0;2
CAPIXABA/espirito_santo;-18.715;-40.4053;0.0006114541042857051;1;0;3
UNIÃO PARAENSE/para;-1.36002;-48.3421;0.0006100008814224726;0;2;0
OPERÁRIO/amazonas;-3.29066;-60.6216;0.0006095941286768171;0;2;0
ITZ SPORT/maranhao;-5.5264;-47.4819;0.0006092855645480283;0;2;0
GUARANI/santa_catarina;-27.6455;-48.6697;0.0006072588651426877;1;1;1
CAPITAL/distrito_federal;-15.8222;-47.9781;0.0006060566968851571;1;2;3
SÃO FRANCISCO/acre;-9.974;-67.8076;0.0006054231637337458;1;2;0
BARCELONA/rondonia;-8.7619;-63.9039;0.0006047731353861842;1;2;0
GUARANY/alagoas;-9.66599;-35.735;0.0006038806867193132;0;0;2
CSP/paraiba;-7.115;-34.8631;0.0006018420565560334;0;0;2
APAFUT/rio_grande_do_sul;-29.1678;-51.1794;0.0006009919990138047;1;1;1
METROPOLITANO/santa_catarina;-26.9155;-49.0709;0.0005987007214503643;1;1;1
TOLEDO/parana;-24.7122;-53.7431;0.0005972383030687863;1;1;1
MOSSORÓ/rio_grande_do_norte;-5.18374;-37.3474;0.0005968139977202284;0;0;2
LEÃO DO VALE - CIANORTE/parana;-23.6599;-52.6054;0.0005948696191152351;1;1;1
MORRINHOS/goias;-15.9333;-50.14;0.0005938875811772198;1;2;3
MARACAJU/mato_grosso_do_sul;-21.6105;-55.1678;0.0005918280789768525;1;1;1
UNIÃO LUZIENSE/minas_gerais;-19.7697;-43.8514;0.0005909066381402753;1;1;3
BOA/minas_gerais;-21.5556;-45.4364;0.000590422837107396;1;1;3
SPORT SINOP/mato_grosso;-11.8604;-55.5091;0.000589383274354644;1;2;0
QFC/rio_grande_do_norte;-5.9158;-35.2628;0.0005889850791002148;0;0;2
DECISÃO/pernambuco;-8.47163;-35.7292;0.0005886985364552965;0;0;2
POTYGUAR SERIDOENSE/rio_grande_do_norte;-6.25484;-36.5146;0.0005877420552395854;0;0;2
AE PARACATU/minas_gerais;-17.2222;-46.8744;0.0005861840818734541;1;2;3
ESPORTIVO/rio_grande_do_sul;-29.1706;-51.52;0.0005860009751056688;1;1;1
ARAGUACEMA/tocantins;-9.1131;-49.5636;0.0005853748050190676;0;2;0
SORRISO/mato_grosso;-12.5425;-55.7211;0.0005786133409998772;1;2;0
CORISABBÁ/piaui;-6.77182;-43.0241;0.0005761974911662291;0;0;2
CR AQUIDAUANA/mato_grosso_do_sul;-20.4714;-55.7872;0.0005734943059161586;1;2;1
BATAGUASSU/mato_grosso_do_sul;-21.7144;-52.4228;0.0005734943059161586;1;1;1
JUVENTUS/rio_de_janeiro;-22.9129;-43.2003;0.0005711771422039415;1;1;3
INDEPENDENTE/sergipe;-10.7417;-37.8108;0.0005695002767394313;0;0;2
MARUINENSE/sergipe;-10.7308;-37.0856;0.0005679664542364267;0;0;2
FLAMENGO/piaui;-5.09194;-42.8034;0.0005674374095592872;0;0;2
ATLÉTICO CENTRAL/sergipe;-10.91;-37.0317;0.000566496608700009;0;0;2
GUARAÍ/tocantins;-8.83543;-48.5114;0.0005648521166215189;0;2;0
SOBRADINHO/distrito_federal;-15.6517;-47.7853;0.0005638253423948804;1;2;3
PASSO FUNDO/rio_grande_do_sul;-28.2576;-52.4091;0.0005631257918969773;1;1;1
APARECIDA/goias;-16.8228;-49.2436;0.0005628156877175996;1;2;3
BRASÍLIA/distrito_federal;-15.7795;-47.9297;0.000561734364639483;1;2;3
AÇÃO/mato_grosso;-15.8656;-56.0767;0.0005612890019595298;1;2;0
PLANALTINA/distrito_federal;-15.452;-47.6089;0.0005611989395850689;1;2;3
CONTAGEM/minas_gerais;-19.9391;-44.0531;0.0005601086963179259;1;1;3
SANTOS/para;-1.8842;-48.7686;0.0005599704918651429;0;2;0
SINOP/mato_grosso;-11.8604;-55.5091;0.0005589621191552138;1;2;0
TIRADENTES/ceara;-3.71664;-38.5423;0.0005577328944455095;0;0;2
ITUMBIARA/goias;-18.4093;-49.2158;0.0005576718012692191;1;2;3
SANTA CRUZ/rio_de_janeiro;-22.9129;-43.2003;0.0005563862584547439;1;1;3
GALÍCIA/bahia;-12.9718;-38.5011;0.0005561466428226846;0;0;2
POCONÉ/mato_grosso;-15.4608;-55.7497;0.0005558182662646201;1;2;0
CAÇADOR/santa_catarina;-26.7757;-51.012;0.0005556254766728892;1;1;1
BLUMENAU/santa_catarina;-26.9155;-49.0709;0.0005546124527984126;1;1;1
CENTRO LIMOEIRENSE/pernambuco;-7.8726;-35.4402;0.0005537863213898682;0;0;2
YPIRANGA/pernambuco;-7.94802;-36.2061;0.000551198422096129;0;0;2
ACADEMIA/mato_grosso;-16.4673;-54.6372;0.0005504125727826663;1;2;0
RIO SÃO PAULO/rio_de_janeiro;-22.9129;-43.2003;0.0005469972652871082;1;1;3
FORÇA E LUZ/rio_grande_do_norte;-5.7945;-35.2119;0.0005466980357959046;0;0;2
JACOBINA/bahia;-11.1811;-40.5181;0.0005458813026955039;0;0;2
PENEDENSE/alagoas;-10.2874;-36.5819;0.0005457920641873752;0;0;2
CARUARU CITY/pernambuco;-8.28455;-35.9699;0.0005454334043601303;0;0;2
AD CARMÓPOLIS/sergipe;-10.6449;-36.9887;0.0005432282312289578;0;0;2
DESPORTIVA GUARABIRA/paraiba;-6.85064;-35.485;0.0005432187875190082;0;0;2
PIAUÍ/piaui;-5.09194;-42.8034;0.00054085875915585;0;0;2
IPOJUCA/pernambuco;-8.39303;-35.0609;0.0005402579496243095;0;0;2
CRIXÁS/goias;-14.5489;-49.9692;0.0005399528721131702;1;2;3
FONTE NOVA/para;-1.05109;-46.6147;0.0005386469088853299;0;2;0
ITUPIRANGA/para;-5.13272;-49.3358;0.0005381164949871991;0;2;0
PACATUBA/ceara;-3.9784;-38.6183;0.0005368885935153742;0;0;2
SÃO CARLOS/sao_paulo;-22.0174;-47.886;0.0005366156906999354;1;1;3
AMÉRICA DE PEDRINHAS/sergipe;-10.2138;-36.8442;0.0005337339610584017;0;0;2
RIO NEGRO/amazonas;-3.11866;-60.0212;0.0005322917168462839;0;2;0
CARAJÁS/para;-6.06781;-49.9037;0.0005316153733147312;0;2;0
CANINDÉ/sergipe;-9.6436;-37.7886;0.0005308043372427289;0;0;2
GUARULHOS/sao_paulo;-23.4538;-46.5333;0.0005294518446720261;1;1;3
APUCARANA SPORTS/parana;-23.5511;-51.4614;0.0005292455803403065;1;1;1
TAPAJÓS/para;-2.43849;-54.6996;0.0005285648579077779;0;2;0
TUPAN/maranhao;-2.53874;-44.2825;0.0005285211859047967;0;0;2
CERRADO/goias;-16.8198;-49.2469;0.0005282520044735984;1;2;3
NÁUTICO/roraima;1.82766;-61.1304;0.0005276826730928642;0;2;0
AVENIDA/rio_grande_do_sul;-29.722;-52.4343;0.0005273497923300733;1;1;1
ESPORTE/paraiba;-6.59138;-37.6185;0.0005269932993790116;0;0;2
AFOGADOS/pernambuco;-7.74312;-37.631;0.0005240177398000017;0;0;2
ARUKO/parana;-23.4205;-51.9333;0.0005236902561180463;1;1;1
CAAC BRASIL/rio_de_janeiro;-22.9129;-43.2003;0.000521290608042486;1;1;3
BOQUINHENSE/sergipe;-11.1397;-37.6195;0.000520790728087265;0;0;2
AMÉRICA/pernambuco;-8.04666;-34.8771;0.0005189106049036588;0;0;2
ATLÉTICO CARIOCA/rio_de_janeiro;-22.8268;-43.0634;0.0005174642956715551;1;1;3
BATEL/parana;-25.3902;-51.4623;0.0005168632420701005;1;1;1
ATLHETIC CE/minas_gerais;-21.1353;-44.2614;0.0005166818190539437;1;1;3
ITARARÉ/sao_paulo;-24.1114;-49.3331;0.0005165605059331083;1;1;1
TUPÃ/sao_paulo;-21.9347;-50.5136;0.0005164812816141634;1;1;1
GUARANY DE BAGÉ/rio_grande_do_sul;-31.3297;-54.0999;0.000515617185078999;1;1;1
ECUS/sao_paulo;-23.5333;-46.3106;0.0005153343054607335;1;1;3
GAVIÃO KYIKATEJÊ/para;-5.0424;-48.6047;0.0005133109751977497;0;2;0
PRIMAVERA/mato_grosso;-15.5591;-54.2982;0.0005120410377350805;1;2;0
NOVOPERÁRIO/mato_grosso_do_sul;-20.9317;-54.9614;0.0005106607015701313;1;2;1
DESPORTIVO ALIANÇA/alagoas;-9.405;-35.50694;0.0005103270303703792;0;0;2
COMERCIAL/piaui;-4.8217;-42.1641;0.0005093319895933501;0;0;2
JARAGUÁ/goias;-15.7529;-49.3344;0.0005089157755096862;1;2;3
CERES/rio_de_janeiro;-22.8753;-43.4681;0.0005087033627072915;1;1;3
SANTA MARIA/distrito_federal;-16.0167;-48.0167;0.0005086003275388697;1;2;3
IGREJINHA/rio_grande_do_sul;-29.5693;-50.7919;0.0005070087755437309;1;1;1
ATLÉTICO CATARINENSE/santa_catarina;-27.6136;-48.6366;0.0005069184109804516;1;1;1
INTER DE MINAS/minas_gerais;-20.0818;-44.5801;0.000506122945431839;1;1;3
SÃO PAULO/amapa;0.034934;-51.0694;0.0005050206033385958;0;2;0
PRUDENTÓPOLIS/parana;-25.2111;-50.9754;0.0005045102129529439;1;1;1
CÁCERES/mato_grosso;-16.0764;-57.6818;0.0005029178446965593;1;2;0
SAPUCAIENSE/rio_grande_do_sul;-29.8276;-51.145;0.0005021994422904254;1;1;1
JAGUARÉ/espirito_santo;-18.907;-40.0759;0.0005012887797826283;1;0;3
ARARUAMA/rio_de_janeiro;-22.8697;-42.3326;0.0005009504215406341;1;1;3
AMPARO/sao_paulo;-22.7033;-46.7644;0.0004996607223646237;1;1;3
PRINCESA DO SOLIMÕES/amazonas;-3.29066;-60.6216;0.0004990659518190148;0;2;0
URUAÇU/goias;-14.5238;-49.1396;0.0004965571542402137;1;2;3
FF SPORT/alagoas;-9.3697;-36.2417;0.0004961448752567192;0;0;2
CONCORDIA ATLÉTICO CLUBE/santa_catarina;-27.2335;-52.026;0.0004960720842285275;1;1;1
PORTUGUESA/amapa;-0.0383;-51.0632;0.0004958329561809221;0;2;0
BOM JESUS/goias;-18.2153;-49.9419;0.0004953029068933525;1;2;3
PETRÓPOLIS/rio_de_janeiro;-22.505;-43.1789;0.0004941559584132863;1;1;3
GENUS/rondonia;-8.7619;-63.9039;0.0004938278896127118;1;2;0
VILHENENSE/rondonia;-12.7502;-60.1488;0.0004932292843353872;1;2;0
NACIONAL UBERABA/minas_gerais;-19.7472;-47.9381;0.0004928709615049999;1;1;3
POÇOS DE CALDAS/minas_gerais;-21.9183;-46.3843;0.0004924624884929203;1;1;3
VERA CRUZ/rio_de_janeiro;-23.0011;-44.3196;0.0004922094243647043;1;1;3
PORTO VELHO/rondonia;-8.76077;-63.8999;0.0004916043174352446;1;2;0
CRISTAL/amapa;0.034934;-51.0694;0.0004894840201049522;0;2;0
FLUMINENSE DE JOINVILLE/santa_catarina;-26.3045;-48.8487;0.00048729626048602795;1;1;1
QUIXADÁ/ceara;-4.9663;-39.0155;0.0004870788314778598;0;0;2
QUEIMADENSE/paraiba;-7.3583;-35.8953;0.00048572432425485505;0;0;2
CRATEÚS/ceara;-5.16768;-40.6536;0.0004852529181635897;0;0;2
BATATAIS/sao_paulo;-20.8929;-47.5921;0.0004851849783709792;1;1;3
DESPORTIVA ARACAJU/sergipe;-10.9091;-37.0677;0.00048471591350759404;0;0;2
TIGRES DO BRASIL/rio_de_janeiro;-22.7858;-43.3049;0.0004786133150342051;1;1;3
UNAÍ/minas_gerais;-16.3578;-46.9061;0.0004772983167110799;1;2;3
SETE DE SETEMBRO/pernambuco;-8.88243;-36.4966;0.0004771471451253571;0;0;2
PINHEIROS/espirito_santo;-18.4141;-40.2171;0.00047580147584397304;1;0;3
ATLÉTICO PATROCINENSE/minas_gerais;-18.9379;-46.9934;0.0004753531511263613;1;1;3
BARÉ/roraima;2.82384;-60.6753;0.0004750147223826582;0;2;0
SPARTA/tocantins;-7.1925;-48.2078;0.00047175726378431324;0;2;0
CHAPADINHA/maranhao;-3.73875;-43.3538;0.00047064312615854474;0;0;2
GRÊMIO PAGUE MENOS/ceara;-3.71664;-38.5423;0.0004690261036103189;0;0;2
AT. ITAPEMIRIM/espirito_santo;-21.0095;-40.8307;0.00046550140140614996;1;0;3
ARAUCÁRIA/parana;-25.5917;-49.4103;0.00046508874369521316;1;1;1
BARRA MANSA/rio_de_janeiro;-22.5481;-44.1752;0.00046495888590048645;1;1;3
VERÊ/parana;-25.8772;-52.9051;0.00046459399455874993;1;1;1
VIANA/maranhao;-3.2208;-45.0022;0.0004644624506202111;0;0;2
JAGUAR/pernambuco;-8.1139;-35.0153;0.00046278915296966625;0;0;2
ATLÉTICO RORAIMA/roraima;2.82384;-60.6753;0.00046242318469933027;0;2;0
BOCA JÚNIOR/sergipe;-11.4744;-37.7553;0.00046197702421461114;0;0;2
UNIÃO CENTRAL/rio_de_janeiro;-22.8461;-43.2778;0.000461249459484427;1;1;3
UNIRB/bahia;-12.1335;-38.4208;0.00046034772875650073;0;0;2
SÃO JOSÉ/amapa;0.034934;-51.0694;0.00045978640798349844;0;2;0
PEDREIRA/para;-1.4554;-48.4898;0.0004580952001033482;0;2;0
ALVORADA/amazonas;-3.11866;-60.0212;0.00045764098925634334;0;2;0
SOCORRENSE/sergipe;-10.8468;-37.1231;0.0004569296493423399;0;0;2
MAGEENSE/rio_de_janeiro;-22.6517;-43.0425;0.00045642348838186107;1;1;3
LUMINENSE/maranhao;-2.5283;-44.1133;0.00045572593600511557;0;0;2
ROLÂNDIA/parana;-23.3101;-51.3659;0.00045548656408210824;1;1;1
TIROL/ceara;-3.7319;-38.5267;0.00045268437360505647;0;0;2
PICUIENSE/paraiba;-6.50845;-36.3497;0.0004517544256558791;0;0;2
SANTANA/amapa;-0.0583;-51.1817;0.0004483351206973242;0;2;0
BOSTON CITY BRASIL/minas_gerais;-20.2575;-42.0336;0.00044768145582230244;1;1;3
CLIPER/amazonas;-3.11866;-60.0212;0.00044684220746932213;0;2;0
SPORT BELÉM/para;-1.4554;-48.4898;0.0004462021310853262;0;2;0
RIOPARDENSE/rio_grande_do_sul;-32.0349;-52.1071;0.0004458905638916132;1;1;1
VISÃO CELESTE/rio_grande_do_norte;-5.79357;-35.1986;0.0004455845675444245;0;0;2
MAZAGÃO/amapa;-0.11336;-51.2891;0.0004423568018691326;0;2;0
UNIÃO ATLÉTICO CLUBE/tocantins;-7.1925;-48.2078;0.0004408913995791483;0;2;0
PRÓSPERA/santa_catarina;-28.6723;-49.3729;0.00044085334015878076;1;1;1
PARAENSE/para;-1.36002;-48.3421;0.00044061160656613915;0;2;0
AMADENSE/sergipe;-11.1798;-37.9995;0.000440584525406282;0;0;2
NOVO HORIZONTE/rio_grande_do_sul;-29.8519;-51.1825;0.0004377076481644391;1;1;1
GRÊMIO MARINGÁ/parana;-23.4205;-51.9333;0.000435926199031776;1;1;1
GLÓRIA/rio_grande_do_sul;-28.5079;-50.9418;0.00043399048951615774;1;1;1
GALO MARINGÁ/parana;-23.4205;-51.9333;0.0004332521144787303;1;1;1
NOVA CONQUISTA/tocantins;-10.1753;-48.8839;0.00043133805915881204;0;2;0
GARIBALDI/rio_grande_do_sul;-29.2564;-51.5239;0.0004291839879501208;1;1;1
GUARANY/ceara;-3.71664;-38.5423;0.00042772185092392805;0;0;2
VILA RICA/para;-1.4554;-48.4898;0.0004249740045148418;0;2;0
SPORT ATIBAIA/sao_paulo;-23.1171;-46.5563;0.0004237389467867031;1;1;3
SANTARRITENSE/minas_gerais;-22.2461;-45.7034;0.00042127618827290437;1;1;3
ASSISENSE/sao_paulo;-22.66;-50.4183;0.00042026540696853446;1;1;1
PORTUGUESA/mato_grosso_do_sul;-20.4697;-54.6201;0.0004199321095698607;1;2;1
ARAGUAIA/mato_grosso;-17.3153;-53.2181;0.0004181619145402932;1;2;1
OSVALDO CRUZ/sao_paulo;-21.7961;-50.8839;0.0004179006159950317;1;1;1
JACOBINENSE/bahia;-11.1812;-40.5117;0.00041720642609529397;0;0;2
RIO GRANDE/rio_grande_do_norte;-5.79357;-35.1986;0.0004141806819006194;0;0;2
UNIÃO MOGI/sao_paulo;-23.5208;-46.1854;0.0004119700836377029;1;1;3
UNIÃO BELTRÃO/parana;-26.0778;-53.0514;0.00041157811437373196;1;1;1
GRÊMIO S23/rio_grande_do_sul;-29.9740266;-51.1949496;0.0004108102352970481;1;1;1
OLÍMPIA/sao_paulo;-20.7366;-48.9106;0.0004107113418888703;1;1;3
POMBAL/paraiba;-6.7725;-37.8011;0.0004106641984587049;0;0;2
RED BULL BRASIL/sao_paulo;-22.9053;-47.0659;0.00040986522470934145;1;1;3
VASCO DA GAMA/acre;-9.974;-67.8076;0.00040856665102495385;1;2;0
PALMEIRA DE GOIANINHA/rio_grande_do_norte;-6.2675;-35.2117;0.00040515228883289867;0;0;2
BOTAFOGO/bahia;-12.9718;-38.5011;0.00040504849705738383;0;0;2
OPERÁRIO CEOV/mato_grosso;-15.65;-56.1325;0.000403109466139538;1;2;0
IGACI/alagoas;-9.5372;-36.6321;0.0004020051666525231;0;0;2
SPARTAX/paraiba;-7.115;-34.8631;0.00040080444001439996;0;0;2
CTE COLATINA/espirito_santo;-19.5493;-40.6269;0.00040053473676550323;1;0;3
SANTA CRUZ RIACHUELO/sergipe;-11.2659;-37.4484;0.0003982096744047902;0;0;2
SÃO LUÍS/maranhao;-2.53874;-44.2825;0.00039819340230498894;0;0;2
BARCELONA/rio_de_janeiro;-22.9129;-43.2003;0.00039818459628890713;1;1;3
CACERENSE/mato_grosso;-16.0764;-57.6818;0.000395798841909317;1;2;0
IRATY/parana;-25.4697;-50.6493;0.0003953532730092183;1;1;1
BELO JARDIM/pernambuco;-8.3313;-36.4258;0.000393741738505721;0;0;2
FARROUPILHA/rio_grande_do_sul;-31.7649;-52.3371;0.0003934967320025951;1;1;1
DIMENSÃO SAÚDE/alagoas;-9.41122;-36.0736;0.00039340917998363797;0;0;2
LEGIÃO/distrito_federal;-15.7795;-47.9297;0.0003925375343007439;1;2;3
RED BULL BRAGANTINO II/sao_paulo;-22.9527;-46.5419;0.0003918981018980566;1;1;3
LEMENSE/sao_paulo;-22.1809;-47.3841;0.00039103602081000047;1;1;3
JUVENTUDE B/rio_grande_do_sul;-29.1629;-51.1792;0.0003908927957155024;1;1;1
SPORT CAPIXABA/espirito_santo;-18.715;-40.4053;0.00038912905723930286;1;0;3
ITABERAÍ/goias;-15.9333;-50.14;0.000388018782887165;1;2;3
ARAPONGAS/parana;-23.4153;-51.4259;0.0003872477054493507;1;1;1
FLAMENGO/pernambuco;-8.04666;-34.8771;0.00038707858549998444;0;0;2
FORÇA JOVEM AQUIDABÃ/sergipe;-10.2817;-37.0194;0.0003851701194410762;0;0;2
JUAZEIRO/bahia;-9.41622;-40.5033;0.0003835549461521228;0;0;2
RIOVERDENSE/goias;-17.7923;-50.9192;0.0003830911374213384;1;2;3
SÃO JOSÉ/maranhao;-2.5622;-44.0531;0.0003821647338374843;0;0;2
CEO/alagoas;-9.53686;-37.2971;0.0003812492335275508;0;0;2
COIMBRA-MG B/minas_gerais;-19.9102;-43.9266;0.0003806588493839672;1;1;3
SÃO MATEUS/espirito_santo;-18.7214;-39.8579;0.0003806220253779439;1;0;3
PLÁCIDO DE CASTRO/acre;-10.2806;-67.1371;0.00038027821469784724;1;2;0
SANTO ÂNGELO/rio_grande_do_sul;-28.3001;-54.2668;0.00037926299275584086;1;1;1
UNIÃO/mato_grosso_do_sul;-19.9275;-54.3585;0.00037908586235307884;1;2;1
SETE DE JUNHO/sergipe;-11.1798;-37.9995;0.0003790459567795224;0;0;2
GUARANY/rio_grande_do_sul;-28.645;-53.6048;0.0003786440836463424;1;1;1
ADESG/acre;-10.1497;-67.7362;0.0003776449687878662;1;2;0
REAL/roraima;1.01019;-60.0419;0.00037743977221978836;0;2;0
UNIÃO/ceara;-3.71664;-38.5423;0.00037735587140613405;0;0;2
SERRANENSE/minas_gerais;-19.9668;-44.2008;0.0003750041800912351;1;1;3
VILLA REAL/minas_gerais;-21.6747;-45.9197;0.00037483616719068624;1;1;3
PORTO/bahia;-16.4497;-39.0641;0.00037369932444528077;0;0;3
FERNANDÓPOLIS/sao_paulo;-20.2806;-50.2471;0.0003733363333482181;1;1;1
SOCORRO/sergipe;-10.8468;-37.1231;0.00037282282240067445;0;0;2
IMBITUBA/santa_catarina;-28.2284;-48.6659;0.0003714991390366251;1;1;1
ITABORAÍ PROFUTE/rio_de_janeiro;-22.7565;-42.8639;0.0003709543878131132;1;1;3
RIOSTRENSE/rio_de_janeiro;-22.5269;-41.9425;0.00037055964022467754;1;1;3
PARNAMIRIM/rio_grande_do_norte;-5.9158;-35.2628;0.0003701445497908182;0;0;2
PORTUGUESA LONDRINENSE/parana;-23.304;-51.1691;0.0003690943143535444;1;1;1
NOVO ESPORTE/minas_gerais;-18.5131;-41.3417;0.0003690090894589139;1;0;3
ATLÉTICO PERNAMBUCANO/pernambuco;-7.8489;-35.2444;0.00036869976195121436;0;0;2
1° DE MAIO/pernambuco;-9.38866;-40.5027;0.00036794384543195824;0;0;2
JUVENTUS/santa_catarina;-26.4851;-49.0713;0.000366830350445486;1;1;1
CAMPO MOURÃO/parana;-24.0463;-52.378;0.00036614905277537887;1;1;1
DOCE MEL/bahia;-14.1375;-39.7375;0.000365393960392577;0;0;2
FLAMENGO/sergipe;-10.4854;-37.1963;0.0003642576875906407;0;0;2
MONTE RORAIMA/roraima;2.82384;-60.6753;0.0003634681807947583;0;2;0
CAMBÉ/parana;-23.2756;-51.2781;0.0003611323863550493;1;1;1
ATLÉTICO ITAJAÍ/santa_catarina;-26.9061;-48.6617;0.0003609435859956992;1;1;1
PANTANAL/mato_grosso_do_sul;-19.0089;-57.5973;0.00036025043768792833;1;2;1
MIGUELENSE/alagoas;-9.7826;-36.0886;0.00035822445144452437;0;0;2
FORMOSA/goias;-15.5333;-47.3333;0.00035717857891060607;1;2;3
ARUC/distrito_federal;-15.7934;-47.9406;0.0003570035494194834;1;2;3
PERILIMA/paraiba;-7.22196;-35.8731;0.00035683195736864324;0;0;2
SESP SAMAMBAENSE/distrito_federal;-15.8778;-48.0833;0.0003557912831092683;1;2;3
BOTAFOGO PB/paraiba;-7.11509;-34.8641;0.00035494146002302873;0;0;2
TIRADENTES/piaui;-5.0919;-42.8033;0.0003541496570749948;0;0;2
LINHARES/espirito_santo;-19.3946;-40.0643;0.0003520120339283795;1;0;3
FERROVIÁRIO DO CABO/pernambuco;-8.2328;-35.796;0.00035093666071626354;0;0;2
GRÊMIO B/rio_grande_do_sul;-29.9740266;-51.1949496;0.0003506116348721036;1;1;1
GRÊMIO VALPARAÍSO/goias;-16.0683;-47.9767;0.00035050966458778784;1;2;3
PROPRIÁ/sergipe;-10.2138;-36.8442;0.0003502809800176368;0;0;2
SPORT LAGOA SECA/paraiba;-6.8928;-34.8647;0.00034967859013775525;0;0;2
ESSUBE/minas_gerais;-18.9113;-48.2622;0.00034749317135095994;1;1;3
ATL. TRÊS CORAÇÕES/minas_gerais;-21.2214;-43.7703;0.0003460903440419043;1;1;3
CRUZEIRO/paraiba;-7.3039;-38.1506;0.00034549593711328023;0;0;2
SSA/bahia;-12.9718;-38.5011;0.0003414028699555313;0;0;2
NÁUTICO/mato_grosso_do_sul;-20.4697;-54.6201;0.0003390935558886774;1;2;1
JACIOBÁ/alagoas;-9.7497;-37.4375;0.0003388042920560517;0;0;2
CAMPO GRANDE/ceara;-7.2372;-39.4121;0.00033770193078509037;0;0;2
IRANDUBA/amazonas;-3.2847;-60.1858;0.0003368042622578492;0;2;0
TARUMÃ/amazonas;-3.11866;-60.0212;0.0003367653979646592;0;2;0
VILHENA/rondonia;-12.7502;-60.1488;0.00033588646886042453;1;2;0
RIO NEGRO/roraima;2.82384;-60.6753;0.0003356957348428668;0;2;0
CABENSE/pernambuco;-8.28218;-35.0253;0.0003346045316922527;0;0;2
UNIVAP APODI/rio_grande_do_norte;-5.6606;-37.7972;0.00033361560551745833;0;0;2
RIO BRANCO - VN/espirito_santo;-20.3344;-41.1342;0.000333375684239162;1;0;3
RENOVAÇÃO/amapa;-0.0383;-51.0632;0.00033272353217255704;0;2;0
SANTACRUZENSE/sao_paulo;-22.8988;-49.6354;0.00032856477818334127;1;1;1
ASTER BRASIL/espirito_santo;-20.3155;-40.3128;0.0003285446276404591;1;0;3
RIACHÃO/sergipe;-11.0729;-37.731;0.0003276621821741042;0;0;2
SÃO JOSÉ/tocantins;-10.1844;-48.3336;0.0003270324665236468;0;2;0
CORITIBA/sergipe;-10.6853;-37.4253;0.0003251146903862091;0;0;2
INTER SM/rio_grande_do_sul;-29.6842;-53.8069;0.0003237619614874706;1;1;1
AGRIMAQ JEQUIAENSE/alagoas;-10.0039;-36.021;0.00032359782223057856;0;0;2
TIRADENTES/para;-1.4554;-48.4898;0.0003217328021010293;0;2;0
VÊNUS/para;-1.72183;-48.8788;0.00032011885435104926;0;2;0
ATLÉTICO PIAUIENSE/piaui;-5.09194;-42.8034;0.00031854835341057954;0;0;2
ARACAJU/sergipe;-10.9091;-37.0677;0.0003175767942829627;0;0;2
ASSU/rio_grande_do_norte;-5.5772;-36.9114;0.00031610701348393195;0;0;2
ESPORTE LIMOEIRO/ceara;-5.14392;-38.0847;0.00031595763795384937;0;0;2
FORTE/espirito_santo;-19.2631;-40.3325;0.0003155270281744229;1;0;3
CRUZEIRO/distrito_federal;-15.7934;-47.9406;0.0003154988954161377;1;2;3
SANTA CRUZ/mato_grosso;-15.0702;-57.1878;0.00031384540983304076;1;2;0
CRUZEIRO/amapa;-0.0383;-51.0632;0.0003126638566557522;0;2;0
BACABAL/maranhao;-4.22447;-44.7832;0.0003110154220028499;0;0;2
12 HORAS/rio_grande_do_sul;-30.0331;-51.23;0.00031077369612881505;1;1;1
CASTELO/espirito_santo;-20.6033;-41.2031;0.0003106572307001483;1;0;3
ALVORADA/tocantins;-12.4785;-49.1249;0.00031053388862577734;0;2;0
TORRES BRASIL/pernambuco;-8.0578;-34.8778;0.0003092028730686983;0;0;2
MANCHESTER FUTEBOL/minas_gerais;-21.7642;-43.3503;0.0003084386352379594;1;1;3
JC FUTEBOL CLUBE/amazonas;-3.1417;-58.4444;0.00030669613501968463;0;2;0
NÁUAS/acre;-7.6649;-72.6504;0.00030612749019466855;1;2;0
BARCELONA ESPORTIVO/sao_paulo;-23.5505;-46.6333;0.0003061218450464222;1;1;3
CASIMIRO DE ABREU/rio_de_janeiro;-22.4812;-42.2066;0.0003033021431373212;1;1;3
ANDIRÁ/acre;-9.974;-67.8076;0.00029973833452866396;1;2;0
SUL AMÉRICA/amazonas;-3.11866;-60.0212;0.00029814958874311594;0;2;0
RONDONIENSE/rondonia;-8.76077;-63.8999;0.00029683983466963725;1;2;0
HOPE INTERNACIONAL/parana;-25.4195;-49.2646;0.00029366044003743775;1;1;1
INTERNACIONAL B/rio_grande_do_sul;-30.0318;-51.2065;0.0002935995598766459;1;1;1
PORTO/santa_catarina;-26.2451;-51.0759;0.0002931055043869531;1;1;1
SÃOJOSEENSE/parana;-25.5347;-49.2064;0.0002929586171752567;1;1;1
BRAZLÂNDIA/distrito_federal;-15.6667;-48.1961;0.0002919389944098298;1;2;3
GEL/espirito_santo;-20.1286;-40.3078;0.00029172914376445337;1;0;3
PIRES DO RIO/goias;-17.3019;-48.2768;0.00028993037940649893;1;2;3
MESQUITA/rio_de_janeiro;-22.8028;-43.4601;0.00028930291488515333;1;1;3
CDC DA AMAZÔNIA/amazonas;-2.6214;-60.9431;0.00028726163245943457;0;2;0
INDEPENDENTE/rio_de_janeiro;-22.3708;-41.7869;0.00028706969239343353;1;1;3
CHAPADA/mato_grosso;-15.4608;-55.7497;0.00028564208901510975;1;2;0
CAMPO NOVO/mato_grosso;-13.6744;-57.8869;0.0002849562273073386;1;2;0
RIACHUELO/rio_grande_do_norte;-5.82156;-35.8215;0.0002848078575131168;0;0;2
SER CRUZ ALTA/rio_grande_do_sul;-28.645;-53.6048;0.00028439655781192796;1;1;1
TIANGUÁ/ceara;-3.72965;-40.9923;0.0002842356831623006;0;0;2
RIACHO CITY/distrito_federal;-15.8821;-48.0163;0.0002826641873363954;1;2;3
QUEIMADOS/rio_de_janeiro;-22.7153;-43.5558;0.00028206813122494097;1;1;3
ANDRADINA/sao_paulo;-20.8948;-51.3786;0.0002806636624925572;1;1;1
FEMAR/paraiba;-6.9533;-35.5414;0.0002799758486131324;0;0;2
SERRANO/paraiba;-7.22196;-35.8731;0.0002791392120026281;0;0;2
URUMAJÓ/para;-1.0217;-46.6347;0.0002783152041508022;0;2;0
CENTRAL PARAÍSO/tocantins;-10.1753;-48.8839;0.00027749627509424417;0;2;0
FEIRENSE/bahia;-12.9614;-39.2584;0.00027661795683738493;0;0;2
JARAGUÁ/santa_catarina;-26.4851;-49.0713;0.00027469173616662124;1;1;1
PONTAPORANENSE/mato_grosso_do_sul;-22.5361;-55.7256;0.0002735039051411009;1;1;1
ATIBAIA/sao_paulo;-23.1171;-46.5563;0.0002731901415063759;1;1;3
BRASIL DE FARROUPILHA/rio_grande_do_sul;-29.2227;-51.3419;0.00027157820883136417;1;1;1
UNIÃO ATLÉTICA ARAGUAINENSE/tocantins;-7.1908;-48.2078;0.0002704332512298818;0;2;0
LAGO VERDE/maranhao;-3.9572;-44.8317;0.00027032146712315826;0;0;2
ARAGUAIA DE PALMAS/tocantins;-10.1844;-48.3336;0.00026983450946451375;0;2;0
ROYAL/goias;-16.2524;-47.9504;0.00026867487269373395;1;2;3
LAGOA/amapa;0.034934;-51.0694;0.0002674966478982039;0;2;0
INDEPENDENTE/para;-2.63609;-54.9374;0.00026718195915222766;0;2;0
CANAÃ/bahia;-11.3039;-41.8569;0.00026652214453281843;0;0;2
PATROCINENSE/minas_gerais;-18.9379;-46.9934;0.00026535279040092863;1;1;3
JUVENTUS DE MINAS NOVAS/minas_gerais;-17.2156;-42.5884;0.00026499839715158957;1;0;3
MARAU/rio_grande_do_sul;-28.4492;-52.2;0.0002642882808784508;1;1;1
TERRA E MAR/ceara;-3.71664;-38.5423;0.0002628592939248949;0;0;2
ITAREMA/ceara;-2.9231;-39.9161;0.0002617625111440845;0;0;2
RIVER/roraima;2.82384;-60.6753;0.0002616467254693244;0;2;0
RB DO NORTE/amazonas;-3.119;-60.0217;0.0002612912436056936;0;2;0
JUARA/mato_grosso;-11.4194;-57.5186;0.0002610465483239367;1;2;0
MOGI MIRIM/sao_paulo;-22.4332;-46.9532;0.0002600842815164877;1;1;3
PEDRA BRANCA/santa_catarina;-27.6419;-48.6667;0.00025972595152534304;1;1;1
TUPY/espirito_santo;-20.3417;-40.2875;0.00025896293883146527;1;0;3
LATITUDE ZERO/amapa;-0.0383;-51.0632;0.0002589289899175114;0;2;0
ATLÉTICO AMAZONENSE/amazonas;-3.11866;-60.0212;0.00025887012310478534;0;2;0
ATLÉTICO CERRADO/tocantins;-10.1753;-48.8839;0.0002584105065219508;0;2;0
SABUGY/paraiba;-9.8475;-36.9189;0.0002575192226195355;0;0;2
LEÔNICO/bahia;-12.9718;-38.5011;0.0002574060428942647;0;0;2
FLAMENGO DE GUANAMBI/bahia;-14.2256;-42.7811;0.000256906959110271;0;0;3
CORITIBA B/parana;-25.4195;-49.2646;0.0002567119900908157;1;1;1
PASSOS/minas_gerais;-20.7193;-46.609;0.00025651557952010185;1;1;3
ROLIM DE MOURA/rondonia;-11.7271;-61.7714;0.00025526121237503467;1;2;0
SÃO GABRIEL/mato_grosso_do_sul;-19.395;-54.5658;0.0002544526507277188;1;2;1
CAIÇARA/piaui;-4.8217;-42.1641;0.0002542209655773607;0;0;2
SAMPAIO/roraima;2.82384;-60.6753;0.0002534317653476114;0;2;0
NAVEGANTES/santa_catarina;-26.8943;-48.6546;0.0002514522565764142;1;1;1
NOVA PRATA/rio_grande_do_sul;-28.7799;-51.6113;0.00025004739722863983;1;1;1
INDEPENDENTE DE RIO VERDE/goias;-17.7923;-50.9192;0.0002483571443593595;1;2;3
ATLÉTICO MOGI/sao_paulo;-23.5233;-46.1883;0.0002483259320464906;1;1;3
BOTAFOGO/sergipe;-11.4668;-37.7585;0.00024813946513211916;0;0;2
FORTALEZA B/ceara;-3.71664;-38.5423;0.0002476933571520785;0;0;2
ATLÉTICO DE CAJAZEIRAS/paraiba;-6.88004;-38.5577;0.00024730132220004964;0;0;2
MIRAMAR/paraiba;-6.98731;-34.8284;0.00024704499754698504;0;0;2
CAP DE UBERLÂNDIA/minas_gerais;-18.9141;-48.2749;0.0002469415891344414;1;1;3
ATLÉTICO BATISTENSE/santa_catarina;-27.2764;-48.8497;0.00024603123209944965;1;1;1
TRÊS PASSOS/rio_grande_do_sul;-27.4555;-53.9296;0.0002455355768369733;1;1;1
PESQUEIRA/pernambuco;-8.35797;-36.6978;0.0002453358766105458;0;0;2
SABIÁ/maranhao;-4.86505;-43.3617;0.0002451838941711847;0;0;2
CANÁRIO/amapa;-0.0389;-51.0664;0.00024427219555304914;0;2;0
BARE/amapa;-0.0383;-51.0632;0.0002405215252181205;0;2;0
BELENENSE/para;-1.2947;-48.4558;0.00023989971845869023;0;2;0
BRASILIS/sao_paulo;-22.4733;-46.6314;0.00023795735629669686;1;1;3
UNIÃO DE PALMAS/tocantins;-10.1844;-48.3336;0.00023601636552243868;0;2;0
CHAPECOENSE B/santa_catarina;-27.103888888;-52.606666666;0.0002358879542997936;1;1;1
AMERICANO/maranhao;-4.22447;-44.7832;0.00023522449926071976;0;0;2
PRS/rio_grande_do_sul;-30.0331;-51.23;0.00023521224482922387;1;1;1
G.A.S/roraima;1.8153;-61.1272;0.00023515130033297907;0;2;0
BETIS/minas_gerais;-20.5263;-43.6962;0.00023510277101501716;1;1;3
YPIRANGA/bahia;-12.9718;-38.5011;0.00023459928186405287;0;0;2
TESLA/para;-1.4558;-48.4902;0.00023404107801643505;0;2;0
ADEC/amapa;2.49804;-50.9496;0.000233136703016484;0;2;0
MARAJÓ/para;-1.6821;-50.4802;0.00023248692451784337;0;2;0
DUQUE CAXIENSE/rio_de_janeiro;-22.7856;-43.3117;0.0002320921818892594;1;1;3
ALIANÇA/ceara;-3.9842;-38.6203;0.00023208955149879723;0;0;2
PIMENTENSE/rondonia;-11.672;-61.198;0.00023129698810460695;1;2;0
SETE/amazonas;-3.119;-60.0217;0.00023064185468402634;0;2;0
POTENGI/rio_grande_do_norte;-5.7945;-35.2119;0.00023001253461418103;0;0;2
PARAÍSO/tocantins;-10.1753;-48.8839;0.00022886197052243338;0;2;0
UNIÃO FREDERIQUENSE/rio_grande_do_sul;-27.3586;-53.3958;0.00022855153037046373;1;1;1
PARAÍBA DO SUL/rio_de_janeiro;-22.1585;-43.304;0.0002276601597705867;1;1;3
CRB B/alagoas;-9.6658;-35.735;0.00022551677284068559;0;0;2
OSASCO/sao_paulo;-23.5324;-46.7916;0.00022521052028630454;1;1;1
TRÊS LAGOAS/mato_grosso_do_sul;-20.7849;-51.7007;0.00022491917261996207;1;1;1
FIGUEIRENSE/minas_gerais;-21.1353;-44.2614;0.00022441276375478756;1;1;3
ATLÉTICO BACABAL/maranhao;-4.22447;-44.7832;0.00022438871827766554;0;0;2
TERESINA/piaui;-5.0892;-42.8019;0.00022382347485939915;0;0;2
BOTAFOGO/goias;-16.7686;-47.6136;0.00022310017772838523;1;2;3
7 DE SETEMBRO/mato_grosso_do_sul;-22.2231;-54.812;0.00022279268892466073;1;1;1
CALOUROS DO AR/ceara;-3.71664;-38.5423;0.00022273639002344658;0;0;2
ATLÉTICO/rio_grande_do_sul;-29.9413;-50.9869;0.00022272287241437155;1;1;1
RONDONÓPOLIS/mato_grosso;-16.4673;-54.6372;0.00022234443271196237;1;2;0
CEARÁ B/ceara;-3.71664;-38.5423;0.00022222262385736255;0;0;2
BRÉSCIA/rio_de_janeiro;-22.6632;-43.0315;0.00022195002035034242;1;1;3
FERROVIÁRIO/piaui;-2.9031;-41.7761;0.00022032738493204325;0;0;2
OESTE BRASIL/parana;-24.7119;-53.7431;0.00021952779337499018;1;1;1
GRÊMIO OSASCO/sao_paulo;-23.5324;-46.7916;0.00021783559345756102;1;1;1
CLUBE 1992/rio_grande_do_sul;-28.2839;-52.7844;0.00021661242934087295;1;1;1
ITACOATIARA/amazonas;-3.1417;-58.4444;0.00021580866146090675;0;2;0
RIO BRANCO SPORT CLUB/parana;-25.5161;-48.5225;0.00021392194276926123;1;1;1
UNIÃO INHUMAS/goias;-16.3611;-49.5001;0.0002136949896243057;1;2;3
VOTUPORANGUENSE/sao_paulo;-20.4222;-49.9725;0.00021150588493992366;1;1;1
CITY LONDON/parana;-23.3103;-51.1628;0.00021079239994665642;1;1;1
UNIÃO HARMONIA/rio_grande_do_sul;-29.9189;-51.1767;0.00021069130855388388;1;1;1
COMERCIAL DE TRÊS LAGOAS/mato_grosso_do_sul;-20.7849;-51.7007;0.0002104710753000813;1;1;1
TUBARÃO/santa_catarina;-28.4713;-49.0144;0.0002104152500159699;1;1;1
ELOSPORT CAPÃO BONITO/sao_paulo;-24.004;-48.3393;0.00020992519156708454;1;1;1
CSA B/alagoas;-9.6658;-35.735;0.0002086757782137386;0;0;2
LIBRADE/amazonas;-3.119;-60.0217;0.00020864625335339186;0;2;0
GUAJARÁ/rondonia;-10.7889;-65.3296;0.0002077686104061956;1;2;0
SANTA CRUZ/acre;-9.974;-67.8076;0.0002075200575104964;1;2;0
CANOINHAS/santa_catarina;-26.1772;-50.39;0.00020735942040671216;1;1;1
ÁGUIA DE CUMARU/pernambuco;-8.0069;-35.7003;0.00020716100477581291;0;0;2
BELA VISTA/rio_de_janeiro;-22.8269;-43.0539;0.00020636494235061703;1;1;3
CRICIÚMA B/santa_catarina;-28.6723;-49.3729;0.00020613326573949855;1;1;1
BARREIROS/pernambuco;-8.8153;-35.1878;0.0002024195156244759;0;0;2
ATLÉTICO/mato_grosso;-17.3153;-53.2181;0.00020154162352238136;1;2;1
CANAÃ/distrito_federal;-15.7795;-47.9297;0.00020073748064590205;1;2;3
TIMBAÚBA/pernambuco;-7.50484;-35.3119;0.00020053731203714963;0;0;2
ATHLETICO PARANAENSE B/parana;-25.4195;-49.2646;0.00020038049999937982;1;1;1
CUIABÁ B/mato_grosso;-15.601;-56.0974;0.00020012843682274908;1;2;0
GRECAL/parana;-25.4195;-49.2646;0.00019942099714747918;1;1;1
ARSENAL/tocantins;-6.32447;-47.4224;0.00019853240854130158;0;2;0
CAMAÇARIENSE/bahia;-12.6996;-38.3263;0.00019824941737626707;0;0;2
MORENINHAS/mato_grosso_do_sul;-20.4697;-54.6201;0.0001962697813812454;1;2;1
TAVEIRÓPOLIS/mato_grosso_do_sul;-20.4697;-54.6201;0.00019578016843508145;1;2;1
SPORTING MARACANÃ/para;-1.0217;-46.6347;0.0001953678458181213;0;2;0
VILA REAL/ceara;-3.7172;-38.5433;0.00019503086986244922;0;0;2
TAQUARUSSÚ/tocantins;-10.1844;-48.3336;0.00019336701567223693;0;2;0
SANTA FÉ/pernambuco;-7.8342;-34.9061;0.00019207942682801074;0;0;2
DÍNAMO/alagoas;-9.6658;-35.735;0.00019050334138308306;0;0;2
ARAGUARI/minas_gerais;-18.6456;-48.1934;0.00018948714873441512;1;1;3
EXPRESSINHO/maranhao;-2.53874;-44.2825;0.00018896196820308755;0;0;2
ANJOS DO CÉU/ceara;-3.7172;-38.5433;0.00018878488886830904;0;0;2
SÃO GABRIEL/rio_grande_do_sul;-30.3337;-54.3217;0.00018827809342111728;1;1;1
COTINGUIBA/sergipe;-10.9091;-37.0677;0.00018778058435583918;0;0;2
PIRAPORA/minas_gerais;-17.3392;-44.934;0.0001874788251430152;1;0;3
NOVA ANDRADINA/mato_grosso_do_sul;-22.238;-53.3437;0.00018640288617089834;1;1;1
SÃO JOSÉ DE ITAPERUNA/rio_de_janeiro;-21.1997;-41.8799;0.00018562839683279895;1;1;3
SOCIAL/minas_gerais;-19.5179;-42.6276;0.00018112469037317075;1;0;3
ATHLETIC CLUB/minas_gerais;-21.1356;-44.2611;0.00018005732214838687;1;1;3
INTERNACIONAL/paraiba;-7.4289;-34.8967;0.00017976298722108272;0;0;2
INTER SÃO GOTARDO/minas_gerais;-19.3117;-46.0492;0.00017969933172278587;1;1;3
BRASILEIRINHO/rio_de_janeiro;-22.9129;-43.2003;0.00017842816519923998;1;1;3
GÁLATAS/espirito_santo;-19.8033;-40.855;0.00017810388370039228;1;0;3
MISTO/mato_grosso_do_sul;-20.7849;-51.7007;0.00017677129751138344;1;1;1
PROGRESSO/roraima;2.43998;-60.9096;0.00017636121646350333;0;2;0
ALTAMIRA/para;-3.20407;-52.21;0.0001760062200668822;0;2;0
BALSAS/maranhao;-7.53214;-46.0372;0.00017492056144018266;0;2;2
CANDANGO/distrito_federal;-15.7795;-47.9297;0.00017427844859543493;1;2;3
MIRANORTE/tocantins;-9.52907;-48.5922;0.00017287443971676235;0;2;0
ARSENAL CARIDADE/ceara;-4.22514;-39.1912;0.00017248112429450038;0;0;2
CEART/mato_grosso_do_sul;-22.2239;-54.8064;0.00017237763894989072;1;1;1
SÃO DOMINGOS/alagoas;-9.711;-35.8953;0.00017157766974314884;0;0;2
SERRANO/pernambuco;-7.98178;-38.289;0.00017122120430642613;0;0;2
PORTELA/bahia;-17.5348;-39.7424;0.0001708300625375574;1;0;3
AVAÍ B/santa_catarina;-27.5945;-48.5477;0.000170696852568553;1;1;1
UIRAPURU/mato_grosso;-15.601;-56.0974;0.00017064829412941982;1;2;0
CHÃ GRANDE/pernambuco;-8.23827;-35.4571;0.00016951020122575597;0;0;2
LAJEADENSE/rio_grande_do_sul;-29.4675;-51.9614;0.00016685391444606253;1;1;1
COLINAS/tocantins;-8.05764;-48.4757;0.0001612903225806452;0;2;0
MUTUM/mato_grosso;-13.8344;-56.0728;0.0001612903225806452;1;2;0
ORLEANS/santa_catarina;-28.3487;-49.2986;0.0001612903225806452;1;1;1
ARAIOSES/maranhao;-2.8942;-41.9058;0.0001612903225806452;0;0;2
MONTE CRISTO/goias;-16.6864;-49.2643;0.0001612903225806452;1;2;3
BOLAMENSE/distrito_federal;-15.9083;-48.0667;0.0001612903225806452;1;2;3
GRÊMIO CARAJÁS/para;-1.4558;-48.4902;0.0001612903225806452;0;2;0
PAULISTANO/mato_grosso;-14.4539;-56.8028;0.0001612903225806452;1;2;0
TEIXEIRA DE FREITAS/bahia;-17.5399;-39.74;0.0001612903225806452;1;0;3
CAMAÇARI/bahia;-12.6996;-38.3263;0.0001612903225806452;0;0;2
