clube_id;lat;lon;score;cluster_k2;cluster_k3;cluster_k4
CSA/alagoas;-9.6658;-35.7353;0.004671250961359599;1;2;3
BRUSQUE/santa_catarina;-27.1006;-48.9135;0.004606219239292647;0;0;2
GUARANI/sao_paulo;-22.9056;-47.0608;0.0045334639772402945;0;0;0
SAMPAIO CORRÊA/maranhao;-2.5307;-44.3068;0.004385764314161082;1;2;3
PAYSANDU/para;-1.4558;-48.4902;0.004368616194805164;1;1;1
ABC/rio_grande_do_norte;-5.7945;-35.211;0.00377423563768383;1;2;3
CONFIANÇA/sergipe;-10.9167;-37.05;0.003715489496432808;1;2;3
VOLTA REDONDA/rio_de_janeiro;-22.5181;-44.1014;0.003663900409264559;0;0;0
ITUANO/sao_paulo;-23.2619;-47.2972;0.0035970692266986096;0;0;2
TOMBENSE/minas_gerais;-20.7658;-42.0256;0.003540135040636621;0;0;0
AMAZONAS/amazonas;-3.119;-60.0217;0.00350894583563147;1;1;1
BRASILIENSE/distrito_federal;-15.82667;-48.06083;0.0032651205353282494;0;1;0
FIGUEIRENSE/santa_catarina;-27.5949;-48.5482;0.003105070407139469;0;0;2
AMÉRICA/rio_grande_do_norte;-5.7945;-35.211;0.0030956470274186723;1;2;3
BOTAFOGO/paraiba;-7.115;-34.8642;0.003083160715981263;1;2;3
MANAUS/amazonas;-3.119;-60.0217;0.002970714015079966;1;1;1
YPIRANGA/rio_grande_do_sul;-27.6333;-52.2667;0.00296871704386677;0;0;2
FERROVIÁRIA/sao_paulo;-21.7945;-48.1758;0.0028791070524692257;0;0;2
RETRÔ/pernambuco;-8.0153;-34.9875;0.00282665805819277;1;2;3
NOVA IGUAÇU/rio_de_janeiro;-22.7553;-43.4508;0.0027543116167438922;0;0;0
FERROVIÁRIO/ceara;-3.7172;-38.5433;0.0027433918160506827;1;2;3
SÃO JOSÉ/rio_grande_do_sul;-30.0346;-51.2177;0.0027407258162804324;0;0;2
BRASIL/rio_grande_do_sul;-31.7654;-52.3376;0.0027305352979442228;0;0;2
ALTOS/piaui;-5.0261;-42.4597;0.002666779964781515;1;2;3
MARINGÁ/parana;-23.421;-51.9331;0.0025127597559867244;0;0;2
CAXIAS/rio_grande_do_sul;-29.1678;-51.1794;0.002508059962958127;0;0;2
OPERÁRIO/mato_grosso_do_sul;-20.4486;-54.6291;0.002465271713707708;0;1;2
APARECIDENSE/goias;-16.8233;-49.2442;0.0024606710871596846;0;1;0
SANTA CRUZ/pernambuco;-8.05428;-34.8813;0.002447322556360494;1;2;3
TOCANTINÓPOLIS/tocantins;-6.3297;-47.4767;0.002331204245661341;1;1;1
PORTUGUESA/rio_de_janeiro;-22.9068;-43.1729;0.0021861559223276005;0;0;0
FLORESTA/ceara;-3.7172;-38.5433;0.002165262373903305;1;2;3
CEILÂNDIA/distrito_federal;-15.8267;-48.1033;0.002157176667829678;0;1;0
SOUSA/paraiba;-6.76056;-38.2317;0.002118177020528067;1;2;3
SERGIPE/sergipe;-10.9167;-37.05;0.00210610962791016;1;2;3
SÃO RAIMUNDO/roraima;2.8236;-60.6753;0.002028784762581237;1;1;1
REAL NOROESTE/espirito_santo;-18.9817;-40.7333;0.001996265323633991;0;2;0
ITABAIANA/sergipe;-10.6897;-37.4253;0.001981237945356347;1;2;3
ANÁPOLIS/goias;-16.3286;-48.9533;0.0019766522394201553;0;1;0
CASCAVEL/parana;-24.9578;-53.4594;0.001962991767936087;0;0;2
COSTA RICA/mato_grosso_do_sul;-18.5567;-53.1111;0.0019292092364788088;0;1;2
DEMOCRATA/minas_gerais;-18.8528;-41.9478;0.0018845394462124784;0;2;0
ASA/alagoas;-9.7547;-36.6575;0.0018245629665082446;1;2;3
JUAZEIRENSE/bahia;-9.4125;-40.5033;0.0018127693465155676;1;2;3
JACUIPENSE/bahia;-11.8053;-39.3786;0.0017854994795262382;1;2;3
PARANÁ/parana;-25.4296;-49.2719;0.001767935831804294;0;0;2
TUNA LUSO/para;-1.4558;-48.4902;0.0017499881460313583;1;1;1
CAPITAL CF/distrito_federal;-15.7939;-47.8828;0.0017320906076718026;0;1;0
CAMPINENSE/paraiba;-7.2306;-35.8814;0.0017283399701687031;1;2;3
RIO BRANCO/espirito_santo;-20.3155;-40.3128;0.0017143830950204244;0;0;0
GAZIN PORTO VELHO/rondonia;-8.7619;-63.9039;0.0017138635990628732;0;1;1
LAGARTO/sergipe;-10.9167;-37.5167;0.0017040727117501452;1;2;3
BAHIA DE FEIRA/bahia;-12.2669;-38.9669;0.001673923112248118;1;2;3
OESTE/sao_paulo;-23.5106;-46.8756;0.0016701797651418127;0;0;2
MOTO CLUB/maranhao;-2.53073;-44.3068;0.0016681540011489653;1;2;3
TREZE/paraiba;-7.2306;-35.8814;0.0016676405400562855;1;2;3
GAMA/distrito_federal;-16.0153;-48.0653;0.0016584807982069486;0;1;0
MARANHÃO/maranhao;-2.53073;-44.3068;0.0016358426978306626;1;2;3
UNIÃO RONDONÓPOLIS/mato_grosso;-16.4683;-54.6356;0.0016212711650304907;0;1;2
CIANORTE/parana;-23.6617;-52.6036;0.0016212665046424094;0;0;2
CEOV OPERÁRIO/mato_grosso;-15.6536;-56.1333;0.0016023987482331264;0;1;1
TREM/amapa;0.0349;-51.0694;0.0015783643152235724;1;1;1
INTER DE LIMEIRA/sao_paulo;-22.5603;-47.4033;0.0015588604095060554;0;0;0
VITÓRIA/espirito_santo;-20.3155;-40.3128;0.001528369589210308;0;0;0
OLARIA/rio_de_janeiro;-22.9068;-43.1729;0.0014965688214121611;0;0;0
POUSO ALEGRE/minas_gerais;-22.2303;-45.9336;0.0014855585771457582;0;0;0
FLUMINENSE/piaui;-5.08917;-42.80167;0.0014832302617413834;1;2;3
RÍVER/piaui;-5.0892;-42.8016;0.0014766552732997245;1;2;3
GRÊMIO PRUDENTE/sao_paulo;-22.1256;-51.3822;0.0014587650418338518;0;0;2
MANAUARA/amazonas;-3.119;-60.0217;0.0014395499396552408;1;1;1
RIO BRANCO/sao_paulo;-22.7419;-47.3333;0.0014384766818940793;0;0;0
ATLÉTICO/bahia;-12.1394;-38.4217;0.0014379157817159943;1;2;3
DOURADOS/mato_grosso_do_sul;-22.2222;-54.8033;0.0014317506271224272;0;0;2
4 DE JULHO/piaui;-4.2736;-41.7333;0.0014303909853321418;1;2;3
MARCÍLIO DIAS/santa_catarina;-26.9046;-48.6667;0.0014288525194073377;0;0;2
MARICÁ/rio_de_janeiro;-22.9225;-42.8186;0.001410582256169004;0;0;0
PORTUGUESA/sao_paulo;-23.5505;-46.6333;0.001396767268548674;0;0;0
BOA ESPORTE/minas_gerais;-21.56;-45.4333;0.0013961899925835118;0;0;0
SÃO LUIZ/rio_grande_do_sul;-28.3911;-53.9153;0.0013838447623624225;0;0;2
IGUATU/ceara;-6.3725;-39.3014;0.001369976161405188;1;2;3
ATLÉTICO CEARENSE/ceara;-3.7319;-38.5267;0.0013693582573060287;1;2;3
DUQUE DE CAXIAS/rio_de_janeiro;-22.7833;-43.3167;0.0013549384394712489;0;0;0
JOINVILLE/santa_catarina;-26.3044;-48.8464;0.001346540297290697;0;0;2
XV DE PIRACICABA/sao_paulo;-22.7253;-47.6476;0.001341239631791219;0;0;2
SAMPAIO CORRÊA/rio_de_janeiro;-22.9244;-42.5075;0.0013295795395470709;0;0;0
GRÊMIO SÃO-CARLENSE/sao_paulo;-22.0175;-47.8861;0.0013230795194905881;0;0;0
PARNAHYBA/piaui;-2.90556;-41.7775;0.0013202073592505567;1;2;3
SANTO ANDRÉ/sao_paulo;-23.6653;-46.5325;0.001313272305357116;0;0;0
GRAMADENSE/rio_grande_do_sul;-29.3758;-50.8766;0.0013083028608625808;0;0;2
XV DE JAÚ/sao_paulo;-22.2975;-48.5586;0.0013052531578659956;0;0;2
BELFORD ROXO/rio_de_janeiro;-22.7614;-43.4039;0.0013042565762054932;0;0;0
AFOGADOS DA INGAZEIRA/pernambuco;-7.7547;-37.6367;0.001304099973790179;1;2;3
GONÇALENSE/rio_de_janeiro;-22.8214;-43.0503;0.0012823021548021638;0;0;0
ÁGUIA NEGRA/mato_grosso_do_sul;-21.8036;-54.5453;0.0012667296027674103;0;0;2
AMERICA/rio_de_janeiro;-22.9068;-43.1729;0.001262919612860252;0;0;0
NOVA VENÉCIA/espirito_santo;-18.7056;-40.3933;0.0012602652041974031;0;2;0
ÁGUA SANTA/sao_paulo;-23.6858;-46.6219;0.001258470632482169;0;0;0
SÃO BENTO/sao_paulo;-23.5017;-47.4544;0.0012559168656671202;0;0;2
CENTRAL/pernambuco;-8.2828;-35.9742;0.0012545511246903436;1;2;3
SÃO JOSÉ/sao_paulo;-23.2237;-45.9009;0.0012527133573068715;0;0;0
PRINCESA/amazonas;-3.2964;-60.6214;0.0012518422553375987;1;1;1
PADUANO/rio_de_janeiro;-21.5375;-42.1833;0.0012516650353526723;0;0;0
BETIM FUTEBOL/minas_gerais;-19.9733;-44.2014;0.0012459774560444397;0;0;0
CASTANHAL/para;-1.2947;-47.9175;0.0012412357788353038;1;1;1
BARRA/santa_catarina;-26.992;-48.632;0.0012383150816983616;0;0;2
UBERLÂNDIA/minas_gerais;-18.9186;-48.2772;0.001235236923007017;0;0;0
TAQUARITINGA/sao_paulo;-21.4333;-48.5083;0.0012322142693950507;0;0;2
AMERICANO/rio_de_janeiro;-21.7627;-41.3275;0.0012296218253443638;0;0;0
RIO BRANCO DE VENDA NOVA/espirito_santo;-20.3225;-41.1353;0.0012267609746797056;0;0;0
UNIÃO ATLÉTICO/tocantins;-7.1917;-48.2056;0.0012239935814822686;1;1;1
GLOBO/rio_grande_do_norte;-5.63583;-35.4236;0.0012205937872421223;1;2;3
AUDAX RIO/rio_de_janeiro;-22.9247;-42.5075;0.0012161411158674313;0;0;0
PÉROLAS NEGRAS/rio_de_janeiro;-22.6335;-43.9046;0.0012130558891280288;0;0;0
AQUIDAUANENSE/mato_grosso_do_sul;-20.4736;-55.7833;0.0012050649698297305;0;1;2
AZURIZ FUTEBOL/parana;-26.225;-52.671;0.001194778692843614;0;0;2
SERRA/espirito_santo;-20.2417;-40.3083;0.001188102948783942;0;2;0
CAMBORIÚ/santa_catarina;-27.0175;-48.6536;0.0011841078430440057;0;0;2
IMPERATRIZ/maranhao;-5.5264;-47.4917;0.0011827997216399156;1;1;1
SERRANO/rio_de_janeiro;-22.505;-43.1789;0.0011775410491104748;0;0;0
REAL BRASÍLIA/distrito_federal;-15.7939;-47.8828;0.0011774790767370646;0;1;0
URT/minas_gerais;-18.5833;-46.5167;0.0011748794113417287;0;0;0
ANAPOLINA/goias;-16.3286;-48.9533;0.0011642493003304183;0;1;0
CAPITAL/tocantins;-10.2128;-48.3603;0.001156393875671109;1;1;1
INTERPORTO/tocantins;-10.7083;-48.4175;0.0011523911197882828;1;1;1
MIXTO/mato_grosso;-15.5961;-56.0969;0.0011509968804315903;0;1;1
ALECRIM/rio_grande_do_norte;-5.7945;-35.211;0.0011491618031238516;1;2;3
NOVO HAMBURGO/rio_grande_do_sul;-29.6844;-51.1325;0.0011488602375362249;0;0;2
HUMAITÁ/acre;-9.5833;-67.6333;0.00114604179764838;0;1;1
ICASA/ceara;-7.2133;-39.3153;0.001145414584263422;1;2;3
RESENDE/rio_de_janeiro;-22.4683;-44.4517;0.0011434766698688631;0;0;0
RIO BRANCO/acre;-9.9747;-67.8076;0.0011395001289763;0;1;1
NOVA MUTUM/mato_grosso;-13.8294;-56.0814;0.0011360658447151877;0;1;1
NACIONAL/amazonas;-3.119;-60.0217;0.001133724064411047;1;1;1
CABOFRIENSE/rio_de_janeiro;-22.8814;-42.025;0.001133682729669214;0;0;0
BOAVISTA/rio_de_janeiro;-22.9247;-42.5086;0.001126547255073516;0;0;0
CATANDUVA/sao_paulo;-21.1358;-48.9753;0.001123397153707581;0;0;2
HERCÍLIO LUZ/santa_catarina;-28.4762;-49.0044;0.0011219146408047566;0;0;2
FALCON/sergipe;-10.9083;-37.0333;0.0011184381108060978;1;2;3
MARACANÃ/ceara;-3.8775;-38.6236;0.0011178451732801404;1;2;3
BARRA/sergipe;-10.9056;-37.0389;0.001116339759825366;1;2;3
GRÊMIO ANÁPOLIS/goias;-16.3286;-48.9533;0.001110027087471393;0;1;0
CALDENSE/minas_gerais;-21.7847;-46.5633;0.0011098288104881388;0;0;0
PORTO VITÓRIA/espirito_santo;-20.3155;-40.3128;0.0011075385484984293;0;2;0
UNIVASSOURAS ARTSUL/rio_de_janeiro;-22.755;-43.453;0.001105055857799168;0;0;0
VOCEM/sao_paulo;-22.6617;-50.4136;0.0011002758823693672;0;0;2
GOIANÉSIA/goias;-15.3167;-49.1256;0.0010952090432292812;0;1;0
CRUZEIRO/rio_grande_do_sul;-29.9514;-51.0925;0.001086988321477802;0;0;2
AIMORÉ/rio_grande_do_sul;-29.7573;-51.1467;0.0010855841039273868;0;0;2
CA PATROCINENSE/minas_gerais;-18.9417;-46.9936;0.0010831135500199867;0;0;0
SÃO BORJA/rio_grande_do_sul;-28.6556;-56.0017;0.0010814046517875493;0;0;2
CAUCAIA/ceara;-3.7361;-38.6531;0.001077370078856873;1;2;3
FRANCANA/sao_paulo;-20.5383;-47.4008;0.0010739224787262285;0;0;0
NOROESTE/sao_paulo;-22.3145;-49.0588;0.0010700534811289553;0;0;2
CA VOTUPORANGUENSE/sao_paulo;-20.4236;-49.9775;0.0010696991402691762;0;0;2
CRAC/goias;-18.1636;-47.9458;0.0010681317833609707;0;0;0
LUVERDENSE/mato_grosso;-12.6058;-55.9192;0.0010660918981219183;0;1;1
BANGU/rio_de_janeiro;-22.9068;-43.1729;0.0010647040771365878;0;0;0
PETROLINA/pernambuco;-9.3932;-40.5072;0.0010594040865918636;1;2;3
COMERCIAL/mato_grosso_do_sul;-20.4486;-54.6291;0.0010583102259511894;0;1;2
MARÍLIA/sao_paulo;-22.2239;-49.9456;0.0010581720057522461;0;0;2
OLÍMPICO/sergipe;-11.2833;-37.7833;0.0010530498361785638;1;2;3
POTIGUAR/rio_grande_do_norte;-5.18833;-37.3478;0.001052210758391551;1;2;3
CAMETÁ/para;-2.2475;-49.4953;0.0010488720713535131;1;1;1
IPORÁ/goias;-16.4417;-51.1172;0.0010466817529612104;0;1;0
CENTRO OESTE/goias;-16.7036;-49.0953;0.001043173888425032;0;1;0
MACAPÁ/amapa;0.0349;-51.0694;0.0010389764325723333;1;1;1
MONTE AZUL/sao_paulo;-20.7539;-48.6486;0.0010383135616899661;0;0;0
VELO CLUBE/sao_paulo;-22.4122;-47.5617;0.0010361132349389814;0;0;0
FLAMENGO/sao_paulo;-23.4538;-46.5332;0.0010318840607683414;0;0;0
PAULISTA/sao_paulo;-23.1857;-46.8916;0.0010304393922790482;0;0;0
BONSUCESSO/rio_de_janeiro;-22.9068;-43.1729;0.001021823836421342;0;0;0
IPATINGA/minas_gerais;-19.4672;-42.5375;0.001015128791980485;0;0;0
COIMBRA/minas_gerais;-19.9319;-44.0539;0.0010115818145862436;0;0;0
CAPIVARIANO/sao_paulo;-23.0017;-47.5056;0.0010057977576594895;0;0;2
PARAGOMINAS/para;-2.9944;-47.3497;0.0010041388772745483;1;1;1
UNIÃO BARBARENSE/sao_paulo;-22.7536;-47.4175;0.000997273657314829;0;0;2
PACAJUS/ceara;-4.1758;-38.4728;0.0009954384599633699;1;2;3
CONCÓRDIA/santa_catarina;-27.2378;-52.0255;0.0009938544148099654;0;0;2
MONSOON/rio_grande_do_sul;-29.7577;-50.0184;0.000991310961994609;0;0;2
BRAGANTINO/para;-1.0536;-46.7653;0.0009907023918466868;1;1;1
PENAPOLENSE/sao_paulo;-21.4136;-50.0756;0.0009886006522814537;0;0;2
ITAPIRENSE/sao_paulo;-22.4358;-46.8217;0.0009884381368582514;0;0;0
NACIONAL/sao_paulo;-23.5505;-46.6333;0.0009860191904218184;0;0;0
GOYTACAZ/rio_de_janeiro;-21.7627;-41.3275;0.0009846515982279448;0;0;0
INDEPENDENTE DE LIMEIRA/sao_paulo;-22.5603;-47.4033;0.0009833900923806223;0;0;0
SÃO RAIMUNDO/para;-2.4431;-54.7083;0.0009809256624386576;1;1;1
SANTOS/amapa;0.0349;-51.0694;0.0009801088088755888;1;1;1
PALMAS/tocantins;-10.2128;-48.3606;0.0009791277395657853;1;1;1
AYMORÉS/minas_gerais;-21.1217;-42.9375;0.0009769117315799158;0;0;0
CANAÃ/para;-6.5033;-49.8767;0.0009766223040954176;1;1;1
INHUMAS/goias;-16.3636;-49.5058;0.0009745298492209156;0;1;0
GOIÂNIA/goias;-16.6869;-49.2647;0.0009706256468656142;0;1;0
CSE/alagoas;-9.4036;-36.6322;0.0009702135607388396;1;2;3
UNI SOUZA/rio_de_janeiro;-22.9068;-43.1729;0.0009578390243464375;0;0;0
GALVEZ/acre;-9.9749;-67.8243;0.0009551747888977605;0;1;1
SANTA CRUZ DE NATAL/rio_grande_do_norte;-5.79448;-35.211;0.0009534570824413289;1;2;3
DESPORTIVA FERROVIÁRIA/espirito_santo;-20.3261;-40.4217;0.0009516398699943201;0;0;0
RIO CLARO/sao_paulo;-22.4125;-47.5633;0.0009496246438788262;0;0;0
JUVENTUS/sao_paulo;-23.5505;-46.6333;0.0009494003314624595;0;0;0
ITABUNA/bahia;-14.7892;-39.2797;0.0009459424691749001;1;2;3
TRINDADE/goias;-16.6486;-49.4889;0.0009441620219059017;0;1;0
PRIMAVERA/sao_paulo;-23.0925;-47.2103;0.000942625479478415;0;0;2
DESPORTIVO BRASIL/sao_paulo;-23.2125;-47.5211;0.0009418395692744293;0;0;2
AGUIA DE MARABA/para;-5.3556;-49.1122;0.0009416588344403954;1;1;1
GUARANY/sergipe;-9.9958;-37.2786;0.000940447785132733;1;2;3
INDEPENDENTE/amapa;0.0575;-51.1736;0.0009381632403692407;1;1;1
TUPYNAMBÁS/minas_gerais;-21.7645;-43.3496;0.0009376688689698616;0;0;0
ÁGUIA/para;-5.3575;-49.1233;0.0009365322891923533;1;1;1
GOIATUBA/goias;-18.0158;-49.3553;0.0009203546563694366;0;1;0
GUARANI V. AIRES/rio_grande_do_sul;-29.6083;-52.1817;0.0009183611996403259;0;0;2
CAMPO GRANDE/rio_de_janeiro;-22.9068;-43.1729;0.0009155511305869106;0;0;0
TAUBATÉ/sao_paulo;-23.0272;-45.555;0.000912715629497267;0;0;0
VILLA NOVA/minas_gerais;-19.9858;-43.8486;0.0009085249379567621;0;0;0
CRUZEIRO/alagoas;-9.7547;-36.6575;0.0009079266234428432;1;2;3
AMÉRICA/sergipe;-10.2136;-36.8375;0.0009035843422235458;1;2;3
ATLÉTICO GLORIENSE/sergipe;-10.2217;-37.4153;0.0009032689298282834;1;2;3
GUANABARA CITY/goias;-16.6869;-49.2648;0.0009025004533741053;0;1;0
INTER DE BEBEDOURO/sao_paulo;-20.9514;-48.4794;0.0009023235984058585;0;0;0
MAUÁ/sao_paulo;-23.6672;-46.4614;0.0009022385052255349;0;0;0
GUARANY DE SOBRAL/ceara;-3.6828;-40.3528;0.0009020889684739606;1;2;3
SÃO GONÇALO/rio_de_janeiro;-22.8222;-43.0533;0.0008999653988591893;0;0;0
MURICI/alagoas;-9.2958;-35.8611;0.0008996833443311438;1;2;3
UNIÃO SUZANO/sao_paulo;-23.5389;-46.3111;0.0008984847083099679;0;0;0
NACIONAL ATL. MURIAÉ/minas_gerais;-21.1389;-42.3667;0.0008973496767267887;0;0;0
FRIBURGUENSE/rio_de_janeiro;-22.2823;-42.5325;0.0008964750640171051;0;0;0
PORTUGUESA SANTISTA/sao_paulo;-23.9608;-46.3333;0.0008942887109820395;0;0;0
SÃO RAIMUNDO/amazonas;-3.119;-60.0217;0.0008932682293736958;1;1;1
AMAZÔNIA INDEPENDENTE/para;-2.4453;-54.7084;0.0008903683938278075;1;1;1
ATLÉTICO/paraiba;-6.8936;-38.5614;0.000887557029763605;1;2;3
SÃO FRANCISCO/para;-2.4431;-54.7083;0.0008860609525452746;1;1;1
JEQUIÉ/bahia;-13.8583;-40.0811;0.000884299542994545;1;2;3
BANDEIRANTE/sao_paulo;-21.2867;-50.3411;0.000884136720061724;0;0;2
MAMORÉ/minas_gerais;-18.5833;-46.5167;0.0008826832392349157;0;0;0
BARCELONA DE ILHÉUS/bahia;-14.795;-39.0433;0.00088254590617622;1;2;3
JUVENTUS JARAGUÁ/santa_catarina;-26.4847;-49.075;0.0008804552980092579;0;0;2
REAL SPORT CLUB/rio_grande_do_sul;-29.7447;-50.0236;0.000879796725397971;0;0;2
RIO GRANDE/rio_grande_do_sul;-32.035;-52.0986;0.0008776594402748745;0;0;2
SALGUEIRO/pernambuco;-8.0753;-39.1214;0.0008745617609251714;1;2;3
GAS/roraima;2.8236;-60.6753;0.0008732452980398419;1;1;1
LINENSE/sao_paulo;-21.6733;-49.7431;0.0008730644232531936;0;0;2
TIMON/piaui;-5.0764;-42.8333;0.0008730586579551516;1;2;3
BARRA DA TIJUCA/rio_de_janeiro;-22.9068;-43.1729;0.0008730480023233429;0;0;0
RIO DE JANEIRO/rio_de_janeiro;-22.9068;-43.1729;0.000868160454228553;0;0;0
JI-PARANÁ/rondonia;-10.8803;-61.9447;0.0008669156024579136;0;1;1
YPIRANGA/amapa;0.0349;-51.0694;0.0008653506944073593;1;1;1
NAVIRAIENSE/mato_grosso_do_sul;-23.0636;-54.1903;0.0008635100447862466;0;0;2
IAPE/maranhao;-2.5307;-44.3068;0.0008620961261542016;1;2;3
SKA BRASIL/sao_paulo;-23.4458;-46.9186;0.0008619396501542208;0;0;2
BARRETOS/sao_paulo;-20.5583;-48.5686;0.0008602089374282747;0;0;0
NACIONAL/paraiba;-7.0233;-37.2753;0.00085836743760802;1;2;3
CAPITÃO POÇO/para;-1.7486;-47.0614;0.000858038339414601;1;1;1
BELA VISTA/tocantins;-6.4525;-47.6586;0.000857108513997513;1;1;1
CAETÉ/para;-1.0536;-46.7653;0.0008543033759105423;1;1;1
SÃO CAETANO/sao_paulo;-23.6186;-46.5736;0.0008538218850858744;0;0;0
PARANOÁ/distrito_federal;-15.8111;-47.7333;0.0008509456018775928;0;1;0
FLUMINENSE DE FEIRA/bahia;-12.2667;-38.9667;0.0008490430132835083;1;2;3
CARAPEBUS/rio_de_janeiro;-22.1853;-41.6336;0.0008479642054163613;0;0;0
MINEIROS/goias;-17.5675;-52.5511;0.0008479435997191104;0;1;2
NORTH ESPORTE CLUBE/minas_gerais;-16.735;-43.8603;0.0008444794389277611;0;2;0
VARGINHA/minas_gerais;-21.56;-45.4325;0.0008411491659145493;0;0;0
VITÓRIA DAS TABOCAS/pernambuco;-8.1225;-35.2953;0.0008408047872023531;1;2;3
COMERCIAL/sao_paulo;-21.1775;-47.8103;0.0008391206471447922;0;0;0
LAGUNA/rio_grande_do_norte;-5.79448;-35.211;0.000831951931385811;1;2;3
SANTA ROSA/para;-1.4558;-48.4902;0.0008317869842304768;1;1;1
DORENSE/sergipe;-10.4914;-37.1833;0.0008303156574738363;1;2;3
HORIZONTE/ceara;-4.1036;-38.4986;0.0008296536937466995;1;2;3
ITABIRITO/minas_gerais;-20.2486;-43.8044;0.0008290552985468324;0;0;0
JUVENTUDE/maranhao;-4.0333;-44.95;0.000827494018335695;1;2;3
ZUMBI/alagoas;-9.1467;-36.0333;0.0008249218220847414;1;2;3
GURUPI/tocantins;-11.7292;-49.0583;0.0008184678313988558;1;1;1
SANTA HELENA/goias;-17.8208;-50.5975;0.0008181638428046997;0;1;0
OSASCO AUDAX/sao_paulo;-23.5325;-46.7925;0.000814989820670242;0;0;2
SERC/mato_grosso_do_sul;-18.7833;-52.6236;0.0008148805709123801;0;1;2
CORURIPE/alagoas;-10.1253;-36.1753;0.0008138508313151015;1;2;3
VITÓRIA DA CONQUISTA/bahia;-14.8614;-40.8392;0.0008137073408331149;1;2;3
AMÉRICA/goias;-17.7317;-49.1022;0.0008136921031153372;0;1;0
PICOS/piaui;-7.0769;-41.4697;0.0008108614063028667;1;2;3
INDEPENDENTE TUCURUÍ/para;-3.7667;-49.6725;0.0008060570116603584;1;1;1
VERA CRUZ/pernambuco;-8.1225;-35.2953;0.0008041614682308352;1;2;3
CRATO/ceara;-7.2333;-39.4167;0.0008027627650847224;1;2;3
GUARANI/minas_gerais;-20.1453;-44.8903;0.0008021011669964791;0;0;0
MARANGUAPE/ceara;-3.8867;-38.6717;0.0008010404877874216;1;2;3
SERRA MACAENSE/rio_de_janeiro;-22.3756;-41.7833;0.0008007907143391501;0;0;0
ARUKO/parana;-23.421;-51.933;0.0007977191730069717;0;0;2
BELA VISTA/goias;-16.9753;-48.9556;0.0007954053627254485;0;1;0
COLORADO CAIEIRAS/sao_paulo;-23.3614;-46.7375;0.0007951270627438161;0;0;0
FREI PAULISTANO/sergipe;-10.5556;-37.5333;0.0007905756101556378;1;2;3
NAÇÃO/santa_catarina;-26.3044;-48.8464;0.0007887288031386502;0;0;2
MADUREIRA/rio_de_janeiro;-22.9068;-43.1729;0.0007867433349332807;0;0;0
ITAPIPOCA/ceara;-3.4917;-39.5758;0.0007859203891683426;1;2;3
FOZ DO IGUAÇU/parana;-25.5477;-54.5882;0.0007849038876388732;0;0;2
PARAUAPEBAS/para;-6.0717;-49.9022;0.000784605655397343;1;1;1
FAST CLUBE/amazonas;-3.119;-60.0217;0.0007842884885018531;1;1;1
SERTÃOZINHO/sao_paulo;-21.1333;-47.9833;0.000783814348808385;0;0;0
ZINZA/rio_de_janeiro;-22.9068;-43.1729;0.0007830235147629368;0;0;0
UNIÃO SÃO JOÃO/sao_paulo;-22.3586;-47.3803;0.0007829251210883042;0;0;0
AMÉRICA T.O/minas_gerais;-17.8583;-41.5056;0.0007750804249053121;0;2;0
SÃO CRISTÓVÃO/rio_de_janeiro;-22.9068;-43.1729;0.0007707253267906435;0;0;0
SÃO JOSEENSE/parana;-25.5353;-49.2075;0.0007706142541308136;0;0;2
JOSEENSE/sao_paulo;-23.305;-45.9652;0.000768129483785967;0;0;0
MACAÉ/rio_de_janeiro;-22.3756;-41.7833;0.0007674350795624329;0;0;0
CARLOS RENAUX/santa_catarina;-27.1006;-48.9135;0.00076415927334962;0;0;2
SÃO PAULO/rio_grande_do_sul;-32.035;-52.0986;0.0007632649349994124;0;0;2
SÃO PAULO CRYSTAL/paraiba;-7.1369;-35.1056;0.000762441749956233;1;2;3
GAÚCHO/rio_grande_do_sul;-28.2628;-52.4076;0.0007605125667347926;0;0;2
IVINHEMA/mato_grosso_do_sul;-22.3017;-53.8156;0.0007579696210320711;0;0;2
SANTA CRUZ/rio_grande_do_sul;-29.7175;-52.4333;0.0007522083282744936;0;0;2
UBERABA/minas_gerais;-19.7489;-47.9325;0.00075209914443147;0;0;0
PARINTINS/amazonas;-2.6283;-56.7397;0.000752019938468755;1;1;1
VALERIODOCE/minas_gerais;-19.6133;-43.2275;0.0007516999281744401;0;0;0
PARANAVAÍ/parana;-23.0775;-52.4636;0.0007504688882724487;0;0;2
CAMPOS/rio_de_janeiro;-21.7627;-41.3275;0.0007451199985050189;0;0;0
ANDRAUS/parana;-25.4583;-49.375;0.0007450440372811576;0;0;2
ASEEV/goias;-16.9458;-50.4667;0.0007446510443195535;0;1;0
ABECAT OUVIDORENSE/goias;-18.1558;-47.8667;0.0007446230002246359;0;0;0
REAL ARIQUEMES/rondonia;-9.9053;-63.0325;0.0007436899780268397;0;1;1
TUPI/minas_gerais;-21.7645;-43.3496;0.0007386072393249343;0;0;0
NACIONAL/parana;-23.3086;-51.3786;0.0007380946010560414;0;0;2
SERRA BRANCA/paraiba;-7.47139;-36.6567;0.0007340669933072841;1;2;3
SANTA CATARINA/santa_catarina;-27.2136;-49.6458;0.0007331888330989547;0;0;2
IZABELENSE/para;-1.3008;-48.1617;0.0007310574785242901;1;1;1
RIOGRANDENSE/rio_grande_do_sul;-29.6842;-53.8069;0.0007309411645344914;0;0;2
TUNTUM/maranhao;-5.2533;-44.6597;0.0007307780037574105;1;2;3
ORATÓRIO/amapa;0.0349;-51.0694;0.0007289702524639478;1;1;1
ELITE CD/rio_grande_do_sul;-28.3015;-54.2636;0.0007267434572329169;0;0;2
PINHEIRENSE/para;-1.4558;-48.4902;0.0007256698300257618;1;1;1
JATAIENSE/goias;-17.8814;-51.7142;0.00072404634625409;0;1;2
TAGUATINGA/distrito_federal;-15.8267;-48.0619;0.0007203874595091671;0;1;0
RIO BRANCO/parana;-25.5167;-48.5167;0.0007189725818701929;0;0;2
MATONENSE/sao_paulo;-21.6036;-48.3667;0.0007187313384302057;0;0;2
PORTO/pernambuco;-8.285;-35.9747;0.0007184048396404405;1;2;3
LUZIÂNIA/goias;-16.2514;-47.9514;0.0007172458577790958;0;1;0
ESTRELA DO NORTE/espirito_santo;-20.8475;-41.1119;0.0007171791535948427;0;0;0
ATLÉTICO/acre;-9.9749;-67.8243;0.0007149269918944902;0;1;1
BÚZIOS/rio_de_janeiro;-22.7475;-41.8833;0.0007130481879788033;0;0;0
GRÊMIO MAUAENSE/sao_paulo;-23.6672;-46.4614;0.0007127503913259359;0;0;0
COLO COLO/bahia;-14.7935;-39.0459;0.0007126907268558032;1;2;3
ÍBIS/pernambuco;-7.9436;-34.8731;0.0007125621801945662;1;2;3
RIO PRETO/sao_paulo;-20.8122;-49.3772;0.0007121480367248867;0;0;2
BATALHÃO/tocantins;-10.2128;-48.3603;0.0007082528464233229;1;1;1
PATRIOTAS/parana;-25.4284;-49.2733;0.0007067785178311019;0;0;2
TANABI/sao_paulo;-20.6133;-49.6533;0.0007066719421492493;0;0;2
ESTANCIANO/sergipe;-11.2667;-37.4333;0.0007048784896748963;1;2;3
ABD/goias;-16.6869;-49.2648;0.0006962019237428043;0;1;0
PINHEIRO/maranhao;-2.52139;-45.0825;0.0006930359921995368;1;2;3
SAMAMBAIA/distrito_federal;-15.8786;-48.0506;0.000691647548937174;0;1;0
CORDINO/maranhao;-5.5019;-45.2506;0.0006904931418085804;1;2;3
ARRAIAL DO CABO/rio_de_janeiro;-22.9694;-42.0247;0.0006901306755893485;0;0;0
UNIÃO CACOALENSE/rondonia;-11.4367;-61.4475;0.0006892454915215964;0;1;1
CONFIANÇA/paraiba;-7.0917;-35.2333;0.0006887753484279909;1;2;3
JABAQUARA/sao_paulo;-23.9608;-46.3333;0.0006859466664939124;0;0;0
GUARANY DE BAGÉ/rio_grande_do_sul;-31.3308;-54.1072;0.0006854069326333787;0;0;2
NOVA CIDADE/rio_de_janeiro;-22.8075;-43.4111;0.0006824960866108998;0;0;0
DOM BOSCO/mato_grosso;-15.601;-56.0974;0.000681948148339017;0;1;1
BARAÚNAS/rio_grande_do_norte;-5.1875;-37.3442;0.0006817706729813663;1;2;3
FUTEBOL COM VIDA/rio_grande_do_sul;-30.0817;-51.0256;0.0006805300116080183;0;0;2
INDEPENDÊNCIA/acre;-9.9749;-67.8243;0.0006794107756063232;0;1;1
IMPÉRIO SERRANO/rio_de_janeiro;-22.9068;-43.1729;0.0006764899270371343;0;0;0
CORUMBAENSE/mato_grosso_do_sul;-19.0053;-57.6473;0.0006755455941980253;0;1;2
CEILANDENSE/distrito_federal;-15.8267;-48.1033;0.0006754007766834763;0;1;0
ATLÉTICO PARAENSE/para;-6.0714;-49.9022;0.0006747694881896157;1;1;1
PARATY/rio_de_janeiro;-23.2203;-44.7131;0.0006739295308675446;0;0;0
7 DE ABRIL/rio_de_janeiro;-22.9068;-43.1729;0.0006724138414149615;0;0;0
RIO VERDE/goias;-17.7919;-50.9244;0.0006710964807650772;0;1;2
NITEROIENSE/rio_de_janeiro;-22.8833;-43.1036;0.0006708697848529387;0;0;0
AMÉRICA/sao_paulo;-20.8122;-49.3772;0.0006704049724029183;0;0;2
VILAVELHENSE/espirito_santo;-20.3297;-40.2925;0.0006677676803437586;0;2;0
COXIM/mato_grosso_do_sul;-18.5067;-54.7603;0.0006662045618861796;0;1;2
IGUAÇU/parana;-26.2333;-51.0833;0.0006661940377978724;0;0;2
INTER DE LAGES/santa_catarina;-27.8134;-50.3255;0.0006661745390626121;0;0;2
TUPY/goias;-15.8653;-50.8753;0.0006626100646798985;0;1;0
CARIRI/ceara;-7.2297;-39.3225;0.000658720265950678;1;2;3
ESMAC/para;-1.3636;-48.3756;0.0006580822997352165;1;1;1
PENAROL/amazonas;-3.1431;-58.4442;0.000657572233592092;1;1;1
ARAGUAÍNA/tocantins;-7.1914;-48.2053;0.0006572295170340288;1;1;1
ATLÉTICO TUBARÃO/santa_catarina;-28.475;-49.0056;0.0006565738964169317;0;0;2
TOCANTINS MIRACEMA/tocantins;-9.5636;-48.3936;0.0006564433062371862;1;1;1
OEIRENSE/piaui;-7.02139;-42.19167;0.0006562934327104255;1;2;3
LARANJA MECÂNICA/parana;-23.4139;-51.4264;0.0006542388978760523;0;0;2
GRAPIÚNA/bahia;-14.7892;-39.2797;0.0006535642876313286;1;2;3
MANTHIQUEIRA/sao_paulo;-22.8133;-45.1917;0.0006533250784394691;0;0;0
BARBALHA/ceara;-7.3117;-39.3033;0.000649858172954901;1;2;3
MAGUARY/pernambuco;-8.4797;-35.7275;0.000647925042492358;1;2;3
ARAÇATUBA/sao_paulo;-21.2086;-50.4328;0.0006470447809710223;0;0;2
ITZ SPORT/maranhao;-5.5264;-47.4917;0.0006452076476459463;1;1;1
UNIÃO PARAENSE/para;-5.3575;-49.1233;0.000643196056843632;1;1;1
ANGRA DOS REIS/rio_de_janeiro;-23.0067;-44.3183;0.0006426096050236453;0;0;0
CARAVAGGIO/santa_catarina;-28.6275;-49.5036;0.0006400726816875037;0;0;2
CAPIXABA/espirito_santo;-20.3155;-40.3128;0.0006363039596901739;0;2;0
OPERÁRIO/amazonas;-3.2964;-60.6214;0.0006322839706297773;1;1;1
MOSSORÓ/rio_grande_do_norte;-5.1875;-37.3442;0.0006313360142629966;1;2;3
SÃO FRANCISCO/acre;-9.9747;-67.8076;0.0006311493725654411;0;1;1
GUARANI DE JUAZEIRO/ceara;-7.2139;-39.3139;0.0006300079392028927;1;2;3
AUTO ESPORTE/paraiba;-7.115;-34.8642;0.000629079192493198;1;2;3
MARACAJU/mato_grosso_do_sul;-21.6119;-55.1681;0.0006270386678327684;0;0;2
QFC/rio_grande_do_norte;-5.79448;-35.211;0.0006234785833655792;1;2;3
PSTC/parana;-22.7833;-51.2333;0.0006231523518503256;0;0;2
MORRINHOS/goias;-17.7317;-49.1025;0.0006224309579480288;0;1;0
CSP/paraiba;-7.115;-34.8642;0.0006205422820480436;1;2;3
POTYGUAR SERIDOENSE/rio_grande_do_norte;-6.2575;-36.5136;0.0006185039647661652;1;2;3
APAFUT/rio_grande_do_sul;-29.1678;-51.1794;0.0006132348547991536;0;0;2
DECISÃO/pernambuco;-8.4797;-35.7275;0.0006131275887465163;1;2;3
GUARANY/alagoas;-9.6658;-35.7353;0.0006100583689979295;1;2;3
BATAGUASSU/mato_grosso_do_sul;-21.7175;-52.4236;0.0006079121178187758;0;0;2
CR AQUIDAUANA/mato_grosso_do_sul;-20.4733;-55.7833;0.0006079121178187758;0;1;2
GUARANI/santa_catarina;-27.646;-48.6704;0.0006058695890963524;0;0;2
CORISABBÁ/piaui;-6.7747;-43.0236;0.0006052490551124144;1;2;3
JUVENTUS/rio_de_janeiro;-22.9068;-43.1729;0.0006042670660156659;0;0;0
PELOTAS/rio_grande_do_sul;-31.7654;-52.3376;0.000604060732153233;0;0;2
INDEPENDENTE/sergipe;-10.7417;-38.1056;0.00060358306820308;1;2;3
MARUINENSE/sergipe;-10.7333;-37.1333;0.000601293971785077;1;2;3
ATLÉTICO CENTRAL/sergipe;-11.2658;-37.4394;0.0006003277972926848;1;2;3
APARECIDA/goias;-16.8233;-49.2442;0.0005953840677647103;0;1;0
FLAMENGO/piaui;-5.08917;-42.80167;0.0005944240519936254;1;2;3
PLANALTINA/distrito_federal;-15.6236;-47.6733;0.0005913731905670485;0;1;0
SANTOS/para;-1.4558;-48.4902;0.0005911551674423543;1;1;1
UNIÃO LUZIENSE/minas_gerais;-19.7725;-43.8547;0.0005909766926729401;0;0;0
BAGÉ/rio_grande_do_sul;-31.3317;-54.1068;0.0005896736981822089;0;0;2
ITUMBIARA/goias;-18.4186;-49.2186;0.0005890932006249086;0;0;0
SANTA CRUZ/rio_de_janeiro;-22.9068;-43.1729;0.0005883886633701039;0;0;0
GALÍCIA/bahia;-12.9714;-38.5014;0.0005875797157627886;1;2;3
CONTAGEM/minas_gerais;-19.9319;-44.0539;0.0005871268001292019;0;0;0
METROPOLITANO/santa_catarina;-26.9194;-49.0661;0.0005870512320129054;0;0;2
ARAGUACEMA/tocantins;-8.8139;-49.5636;0.0005863295413081746;1;1;1
SORRISO/mato_grosso;-12.5453;-55.7147;0.0005832691593681547;0;1;1
BRASÍLIA/distrito_federal;-15.7939;-47.8828;0.0005831057475391317;0;1;0
CENTRO LIMOEIRENSE/pernambuco;-7.8753;-35.4536;0.0005830416330637419;1;2;3
GUARAÍ/tocantins;-8.8375;-48.5111;0.0005816863499107025;1;1;1
YPIRANGA/pernambuco;-7.9575;-36.2053;0.0005809050966804055;1;2;3
TOLEDO/parana;-24.7253;-53.7378;0.0005790965895315201;0;0;2
SOBRADINHO/distrito_federal;-15.6533;-47.7975;0.000578757805276508;0;1;0
BARCELONA/rondonia;-12.7414;-60.1458;0.0005768879447479507;0;1;1
JACOBINA/bahia;-11.1825;-40.5086;0.0005755089266336093;1;2;3
AD CARMÓPOLIS/sergipe;-10.5358;-37.0936;0.0005747751486089409;1;2;3
AE PARACATU/minas_gerais;-17.2217;-46.8756;0.0005742229130553351;0;1;0
FORÇA E LUZ/rio_grande_do_norte;-5.79448;-35.211;0.000573258369845697;1;2;3
TIRADENTES/ceara;-3.7172;-38.5433;0.0005731168296467709;1;2;3
CARUARU CITY/pernambuco;-8.2828;-35.9742;0.000572303976699808;1;2;3
CRIXÁS/goias;-14.5467;-49.9733;0.0005721823958921908;0;1;0
RIO SÃO PAULO/rio_de_janeiro;-22.9068;-43.1729;0.0005721065403498204;0;0;0
GUAPORÉ/rondonia;-11.7256;-61.7736;0.0005697846240830507;0;1;1
FONTE NOVA/para;-1.4558;-48.4902;0.0005690787279309531;1;1;1
IPOJUCA/pernambuco;-8.3975;-35.0653;0.0005690678759897034;1;2;3
CAÇADOR/santa_catarina;-26.7747;-51.0189;0.0005687449424681139;0;0;2
PIAUÍ/piaui;-5.08917;-42.80167;0.0005671298091364085;1;2;3
AMÉRICA DE PEDRINHAS/sergipe;-11.0111;-37.5333;0.0005654784122935083;1;2;3
DESPORTIVA GUARABIRA/paraiba;-6.9856;-35.4936;0.0005643725309054287;1;2;3
CANINDÉ/sergipe;-9.6556;-37.7833;0.0005625496629038816;1;2;3
TUPAN/maranhao;-2.5307;-44.3068;0.0005595794579780544;1;2;3
CERRADO/goias;-16.8225;-49.2436;0.0005593992645129622;0;1;0
SÃO CARLOS/sao_paulo;-22.0175;-47.8861;0.0005590034309301247;0;0;0
BLUMENAU/santa_catarina;-26.9194;-49.0661;0.000558300921703789;0;0;2
RIO NEGRO/amazonas;-3.119;-60.0217;0.0005576629983868421;1;1;1
SINOP/mato_grosso;-11.8536;-55.5033;0.0005561874054454501;0;1;1
CARAJÁS/para;-1.4558;-48.4902;0.0005538658478575385;1;1;1
ITUPIRANGA/para;-5.1458;-49.3333;0.0005532505610144507;1;1;1
GUARULHOS/sao_paulo;-23.4539;-46.5333;0.0005521353199654006;0;0;0
BOQUINHENSE/sergipe;-11.2658;-37.4375;0.0005519817117214386;1;2;3
CAAC BRASIL/rio_de_janeiro;-22.9068;-43.1729;0.0005514917645818044;0;0;0
PACATUBA/ceara;-3.9833;-38.6211;0.0005512858033414531;1;2;3
POCONÉ/mato_grosso;-16.2567;-56.6228;0.000548490808838526;0;1;1
ESPORTE/paraiba;-7.0233;-37.2753;0.0005482673507797259;1;2;3
TAPAJÓS/para;-2.4431;-54.7083;0.0005480534856648796;1;1;1
ATLÉTICO CARIOCA/rio_de_janeiro;-22.8222;-43.0522;0.0005475872539235693;0;0;0
AMÉRICA/pernambuco;-8.0543;-34.8813;0.000546454772489728;1;2;3
PASSO FUNDO/rio_grande_do_sul;-28.2628;-52.4076;0.0005450035976229884;0;0;2
APUCARANA SPORTS/parana;-23.5528;-51.4608;0.0005414465338001904;0;0;2
NOVOPERÁRIO/mato_grosso_do_sul;-20.4428;-54.6461;0.00054044884925325;0;1;2
GAVIÃO KYIKATEJÊ/para;-5.3575;-49.1233;0.0005403064681102192;1;1;1
ITARARÉ/sao_paulo;-24.1136;-49.3325;0.0005398244092526877;0;0;2
TUPÃ/sao_paulo;-21.9358;-50.5139;0.0005395125043865313;0;0;2
CERES/rio_de_janeiro;-22.9068;-43.1729;0.0005378614069826755;0;0;0
SPORT SINOP/mato_grosso;-11.8536;-55.5033;0.0005375767732897076;0;1;1
COMERCIAL/piaui;-4.8264;-42.1678;0.0005364795745191089;1;2;3
SÃO PAULO/amapa;0.0349;-51.0694;0.0005348970979769046;1;1;1
JARAGUÁ/goias;-15.7564;-49.3356;0.0005348789392730336;0;1;0
IGREJINHA/rio_grande_do_sul;-29.5714;-50.7936;0.0005304047674304466;0;0;2
NÁUTICO/roraima;1.8275;-61.1375;0.0005286530322730558;1;1;1
PENEDENSE/alagoas;-10.2919;-36.5908;0.0005260251212144381;1;2;3
SAPUCAIENSE/rio_grande_do_sul;-29.8275;-51.1517;0.0005259394946275006;0;0;2
ECUS/sao_paulo;-23.5386;-46.3111;0.0005259144094545292;0;0;0
URUAÇU/goias;-14.5225;-49.1417;0.0005258501369387752;0;1;0
PORTUGUESA/amapa;0.0349;-51.0694;0.0005256629504031537;1;1;1
AÇÃO/mato_grosso;-15.6014;-56.0979;0.0005252892168862487;0;1;1
BOM JESUS/goias;-17.9256;-49.6736;0.0005248575008275477;0;1;0
SANTA MARIA/distrito_federal;-15.9967;-48.0267;0.0005238528354805875;0;1;0
AMPARO/sao_paulo;-22.7033;-46.7619;0.0005228397553367038;0;0;0
DESPORTIVO ALIANÇA/alagoas;-9.6658;-35.7353;0.0005224052960837592;1;2;3
VERA CRUZ/rio_de_janeiro;-22.7833;-43.3167;0.000520313479231517;0;0;0
PRUDENTÓPOLIS/parana;-25.2125;-50.9764;0.0005200070249327703;0;0;2
CRISTAL/amapa;0.0349;-51.0694;0.0005187642965356328;1;1;1
ARARUAMA/rio_de_janeiro;-22.8756;-42.3422;0.0005174166248650728;0;0;0
JAGUARÉ/espirito_santo;-18.9056;-40.0817;0.0005171081560211964;0;2;0
ESPORTIVO/rio_grande_do_sul;-29.1673;-51.5133;0.000515267223956666;0;0;2
DESPORTIVA ARACAJU/sergipe;-10.9167;-37.05;0.000513601021045689;1;2;3
ATLÉTICO CATARINENSE/santa_catarina;-27.6133;-48.6258;0.0005125446050538832;0;0;2
POÇOS DE CALDAS/minas_gerais;-21.7847;-46.5635;0.0005113534646995371;0;0;0
BATEL/parana;-25.393;-51.495;0.0005103766513391893;0;0;2
FF SPORT/alagoas;-9.6658;-35.7353;0.0005088779238886868;1;2;3
BATATAIS/sao_paulo;-20.8917;-47.5833;0.0005075883446928201;0;0;0
TIGRES DO BRASIL/rio_de_janeiro;-22.7833;-43.3111;0.000506279222091635;0;0;0
QUEIMADENSE/paraiba;-7.3639;-35.7256;0.0005056843861951488;1;2;3
CRATEÚS/ceara;-5.1786;-40.6775;0.0005041749110695969;1;2;3
FLUMINENSE DE JOINVILLE/santa_catarina;-26.3044;-48.8464;0.0004984554996280983;0;0;2
PINHEIROS/espirito_santo;-18.4033;-40.2333;0.0004979399756023387;0;2;0
ARAXÁ/minas_gerais;-19.5908;-46.9436;0.0004972110585007425;0;0;0
CHAPADINHA/maranhao;-3.7417;-43.3533;0.0004969713521958804;1;2;3
CÁCERES/mato_grosso;-16.0708;-57.675;0.0004944920607136923;0;1;1
SETE DE SETEMBRO/pernambuco;-8.8917;-36.4919;0.0004938176404621459;1;2;3
QUIXADÁ/ceara;-4.9711;-39.0153;0.0004924404255795976;1;2;3
VIANA/maranhao;-3.2233;-45.0019;0.0004915589075729133;1;2;3
BARRA MANSA/rio_de_janeiro;-22.5417;-44.1736;0.0004914975607414084;0;0;0
BARÉ/roraima;2.8235;-60.6758;0.0004887492347647716;1;1;1
BOCA JÚNIOR/sergipe;-10.5358;-37.0953;0.0004878410906041065;1;2;3
UNIÃO CENTRAL/rio_de_janeiro;-22.9068;-43.1729;0.0004876112666671714;0;0;0
SÃO JOSÉ/amapa;0.0349;-51.0694;0.0004875538028593459;1;1;1
AT. ITAPEMIRIM/espirito_santo;-20.8433;-40.8356;0.00048571970754388195;0;0;0
UNIRB/bahia;-12.1392;-38.4214;0.00048506410649328923;1;2;3
VERÊ/parana;-25.9186;-52.8583;0.00048465832502857345;0;0;2
ACADEMIA/mato_grosso;-16.4677;-54.6351;0.00048464951527886816;0;1;2
SOCORRENSE/sergipe;-10.8536;-37.1353;0.0004843136195089069;1;2;3
PEDREIRA/para;-1.4558;-48.4902;0.0004840999635412484;1;1;1
INTER DE MINAS/minas_gerais;-20.0733;-44.5786;0.0004828966826207495;0;0;0
LUMINENSE/maranhao;-2.53073;-44.3068;0.00048281640472165724;1;2;3
MAGEENSE/rio_de_janeiro;-22.6536;-43.0433;0.00048269310676638254;0;0;0
VILHENENSE/rondonia;-12.7414;-60.1458;0.0004811981863364447;0;1;1
JAGUAR/pernambuco;-8.1133;-35.0133;0.0004799594327140446;1;2;3
ARAUCÁRIA/parana;-25.5944;-49.4075;0.00047833807316819527;0;0;2
UNAÍ/minas_gerais;-16.3575;-46.9058;0.00047758998802307725;0;1;0
GRÊMIO PAGUE MENOS/ceara;-3.7319;-38.5267;0.0004768475287558754;1;2;3
ALVORADA/amazonas;-3.119;-60.0217;0.00047609829362361934;1;1;1
SPARTA/tocantins;-7.1931;-48.2053;0.000475105422750487;1;1;1
SANTANA/amapa;-0.0558;-51.1794;0.0004746750802593242;1;1;1
ROLÂNDIA/parana;-23.3086;-51.3756;0.00047427837956477806;0;0;2
SPORT BELÉM/para;-1.4558;-48.4902;0.0004720148876686732;1;1;1
VISÃO CELESTE/rio_grande_do_norte;-5.9108;-35.2633;0.0004717565300336007;1;2;3
PICUIENSE/paraiba;-6.4958;-36.3386;0.00047151393646266876;1;2;3
AVENIDA/rio_grande_do_sul;-29.7175;-52.4353;0.0004707309448534833;0;0;2
MAZAGÃO/amapa;-0.115;-51.3883;0.0004690790797715533;1;1;1
CLIPER/amazonas;-3.119;-60.0217;0.0004689047099477675;1;1;1
BOSTON CITY BRASIL/minas_gerais;-20.2639;-42.0353;0.00046807371132978414;0;0;0
GENUS/rondonia;-8.7619;-63.9039;0.00046789358394628254;0;1;1
AMADENSE/sergipe;-11.2636;-37.4389;0.00046702079596110964;1;2;3
PARAENSE/para;-1.4558;-48.4902;0.0004654472503385574;1;1;1
RIOPARDENSE/rio_grande_do_sul;-29.9825;-52.3811;0.00046505924789243226;0;0;2
PRIMAVERA/mato_grosso;-15.5583;-54.2958;0.00046258882136651435;0;1;1
ATLÉTICO RORAIMA/roraima;2.8235;-60.6758;0.00045865182262734653;1;1;1
NOVO HORIZONTE/rio_grande_do_sul;-29.8575;-51.1783;0.00045665344246382725;0;0;2
GRÊMIO MARINGÁ/parana;-23.421;-51.9331;0.0004545549372334505;0;0;2
GLÓRIA/rio_grande_do_sul;-28.5086;-50.9356;0.0004530224061867033;0;0;2
VILA RICA/para;-1.4558;-48.4902;0.00044909174857656785;1;1;1
GARIBALDI/rio_grande_do_sul;-29.2553;-51.5336;0.0004473146665227239;0;0;2
NACIONAL UBERABA/minas_gerais;-19.7489;-47.9333;0.00044608370188249885;0;0;0
PORTUGUESA/mato_grosso_do_sul;-20.4486;-54.6291;0.0004446542864569251;0;1;2
SPORT ATIBAIA/sao_paulo;-23.1153;-46.5503;0.0004408895606467171;0;0;0
JACOBINENSE/bahia;-11.1825;-40.5086;0.00044067581041005354;1;2;3
ASSISENSE/sao_paulo;-22.6625;-50.4133;0.00044038537796327673;0;0;2
OSVALDO CRUZ/sao_paulo;-21.7967;-50.8667;0.0004390547298237316;0;0;2
RIO GRANDE/rio_grande_do_norte;-5.79448;-35.211;0.00043855772383254166;1;2;3
SANTARRITENSE/minas_gerais;-22.2486;-45.7056;0.0004379120334247211;0;0;0
TIROL/ceara;-3.71722;-38.54333;0.0004313232864605396;1;2;3
OLÍMPIA/sao_paulo;-20.7386;-48.9136;0.0004309982214211179;0;0;2
PRÓSPERA/santa_catarina;-28.6794;-49.3711;0.00043024390926982525;0;0;2
VASCO DA GAMA/acre;-9.9747;-67.8076;0.0004293355492196523;0;1;1
BOTAFOGO/bahia;-12.9714;-38.5014;0.0004292922871661503;1;2;3
RED BULL BRASIL/sao_paulo;-22.9533;-46.5422;0.00042834401219215;0;0;0
UNIÃO MOGI/sao_paulo;-23.5228;-46.1883;0.00042744803822673014;0;0;0
PALMEIRA DE GOIANINHA/rio_grande_do_norte;-6.26667;-35.2083;0.00042622093333731574;1;2;3
POMBAL/paraiba;-6.7675;-37.8028;0.0004241924741416876;1;2;3
SANTA CRUZ RIACHUELO/sergipe;-10.7333;-37.25;0.00042215855400762906;1;2;3
SÃO LUÍS/maranhao;-2.5307;-44.3068;0.00042176263470925716;1;2;3
UNIÃO BELTRÃO/parana;-26.0767;-53.0556;0.00042175485124742735;0;0;2
BARCELONA/rio_de_janeiro;-22.9068;-43.1729;0.0004211710999637153;0;0;0
SPARTAX/paraiba;-7.115;-34.8642;0.00041784039450453586;1;2;3
CTE COLATINA/espirito_santo;-19.5386;-40.6275;0.0004171633023049312;0;2;0
NOVA CONQUISTA/tocantins;-7.1558;-48.7153;0.00041598923505973244;1;1;1
IGACI/alagoas;-9.5433;-36.6386;0.00041475160538465754;1;2;3
LEGIÃO/distrito_federal;-15.7939;-47.8828;0.0004125351949288414;0;1;0
BELO JARDIM/pernambuco;-8.3386;-36.4136;0.0004118354988126464;1;2;3
ITABERAÍ/goias;-16.0186;-49.8153;0.00041104877418569603;0;1;0
RED BULL BRAGANTINO II/sao_paulo;-22.9533;-46.5422;0.00041067118285214975;0;0;0
ARAGUAIA/mato_grosso;-15.8917;-52.2594;0.0004103189948449525;0;1;2
IRATY/parana;-25.475;-50.6583;0.0004101447192596835;0;0;2
SPORT CAPIXABA/espirito_santo;-20.2417;-40.3083;0.0004093325021173892;0;2;0
FORÇA JOVEM AQUIDABÃ/sergipe;-10.3114;-37.0514;0.00040824720490542773;1;2;3
FARROUPILHA/rio_grande_do_sul;-31.7654;-52.3376;0.0004078875446175691;0;0;2
LEMENSE/sao_paulo;-22.1858;-47.3917;0.0004077652002590007;0;0;0
FLAMENGO/pernambuco;-8.4211;-37.0586;0.0004076317901622631;1;2;3
DIMENSÃO SAÚDE/alagoas;-9.4167;-36.05;0.00040731993299221935;1;2;3
JUAZEIRO/bahia;-9.4125;-40.5033;0.0004059986541015637;1;2;3
RIOVERDENSE/goias;-17.7919;-50.9244;0.00040591635116535546;0;1;2
ARAPONGAS/parana;-23.4153;-51.4333;0.00040543709896325537;0;0;2
OPERÁRIO CEOV/mato_grosso;-15.6536;-56.1333;0.0004049159296024262;0;1;1
SETE DE JUNHO/sergipe;-11.1819;-37.9958;0.00040175609224535623;1;2;3
UNIÃO/mato_grosso_do_sul;-20.4428;-54.6464;0.0004014282888875155;0;1;2
SÃO JOSÉ/maranhao;-2.5617;-44.0583;0.00040071243469200457;1;2;3
PLÁCIDO DE CASTRO/acre;-10.2736;-67.1736;0.00040014997988793683;0;1;1
ADESG/acre;-10.1475;-67.7364;0.00039669125298144646;0;1;1
SANTO ÂNGELO/rio_grande_do_sul;-28.3014;-54.2636;0.0003954956988823048;0;0;2
SOCORRO/sergipe;-10.8536;-37.1353;0.0003950901592937051;1;2;3
PORTO/bahia;-16.4497;-39.0647;0.0003949570942273347;1;2;0
CACERENSE/mato_grosso;-16.0717;-57.6764;0.00039473914292154934;0;1;1
CEO/alagoas;-9.5786;-37.3561;0.00039283020551331973;1;2;3
ITABORAÍ PROFUTE/rio_de_janeiro;-22.7475;-42.8553;0.00039264055483693387;0;0;0
RIOSTRENSE/rio_de_janeiro;-22.5225;-41.9436;0.0003920535724843473;0;0;0
IMBITUBA/santa_catarina;-28.2428;-48.671;0.0003919544778689513;0;0;2
PARNAMIRIM/rio_grande_do_norte;-5.91083;-35.2608;0.000391897303401439;1;2;3
FERNANDÓPOLIS/sao_paulo;-20.2819;-50.2586;0.0003913255106229668;0;0;2
UNIÃO/ceara;-3.71722;-38.54333;0.0003911472702999492;1;2;3
SÃO MATEUS/espirito_santo;-18.7153;-39.8589;0.0003905649717204664;0;2;0
ATLÉTICO PERNAMBUCANO/pernambuco;-7.8517;-35.2442;0.0003889176988912549;1;2;3
1° DE MAIO/pernambuco;-9.3933;-40.5008;0.0003886790677230215;1;2;3
PORTUGUESA LONDRINENSE/parana;-23.3045;-51.1696;0.0003881413837256768;0;0;2
FLAMENGO/sergipe;-10.9167;-37.05;0.0003860479733062631;1;2;3
VILLA REAL/minas_gerais;-21.7644;-43.3494;0.0003854126425192426;0;0;0
CAMPO MOURÃO/parana;-24.0478;-52.3786;0.00038310807610704087;0;0;2
DOCE MEL/bahia;-14.1375;-39.7375;0.00038229018252690925;1;2;3
PANTANAL/mato_grosso_do_sul;-19.0039;-57.6019;0.0003811170862905108;0;1;2
REAL/roraima;0.8167;-60.2167;0.00038075317849279916;1;1;1
CAMBÉ/parana;-23.2797;-51.2819;0.0003801260867771475;0;0;2
ATLÉTICO ITAJAÍ/santa_catarina;-26.9083;-48.6667;0.00037944710226102873;0;0;2
SERRANENSE/minas_gerais;-19.8736;-44.9833;0.0003792898970336058;0;0;0
NOVO ESPORTE/minas_gerais;-19.4672;-42.5375;0.0003792290468401995;0;0;0
ARUC/distrito_federal;-15.77972;-47.92972;0.0003774550462973321;0;1;0
SESP SAMAMBAENSE/distrito_federal;-15.8786;-48.0506;0.0003757489479368519;0;1;0
MIGUELENSE/alagoas;-9.7833;-36.1056;0.00037505064923279674;1;2;3
TIRADENTES/piaui;-5.0892;-42.8016;0.0003713790031088094;1;2;3
PROPRIÁ/sergipe;-10.2067;-36.8356;0.0003713063183793118;1;2;3
GRÊMIO VALPARAÍSO/goias;-16.0636;-47.9753;0.00037070421822072775;0;1;0
PERILIMA/paraiba;-7.2307;-35.8814;0.0003698976811435543;1;2;3
FERROVIÁRIO DO CABO/pernambuco;-8.2933;-35.0358;0.00036945299851753074;1;2;3
LINHARES/espirito_santo;-19.3911;-40.0722;0.0003668869502294286;0;2;0
SPORT LAGOA SECA/paraiba;-7.17111;-35.8586;0.0003665491535671901;1;2;3
CRUZEIRO/paraiba;-7.3025;-38.1553;0.0003628301251814844;1;2;3
MONTE RORAIMA/roraima;2.8236;-60.6753;0.00036176798506992703;1;1;1
SSA/bahia;-12.9714;-38.5014;0.0003612703108381339;1;2;3
ATL. TRÊS CORAÇÕES/minas_gerais;-21.6967;-45.2533;0.000360737970404589;0;0;0
NÁUTICO/mato_grosso_do_sul;-20.4486;-54.6291;0.0003594259048243371;0;1;2
FORMOSA/goias;-15.5389;-47.3356;0.00035766154927502976;0;1;0
TARUMÃ/amazonas;-3.119;-60.0217;0.0003555884099793974;1;1;1
UNIVAP APODI/rio_grande_do_norte;-5.6625;-37.7975;0.00035345248901791023;1;2;3
CABENSE/pernambuco;-8.2936;-35.0356;0.0003533434211967828;1;2;3
CAMPO GRANDE/ceara;-7.2297;-39.3225;0.0003532713008339134;1;2;3
RENOVAÇÃO/amapa;0.0349;-51.0694;0.00035280624649615215;1;1;1
IRANDUBA/amazonas;-3.2725;-60.1889;0.0003512901730409291;1;1;1
JACIOBÁ/alagoas;-9.7481;-37.4458;0.00035102589781839074;1;2;3
RIO NEGRO/roraima;2.8236;-60.6753;0.00034751218731020816;1;1;1
RIACHÃO/sergipe;-11.05;-37.7333;0.00034729415100608833;1;2;3
SANTACRUZENSE/sao_paulo;-22.8967;-49.6314;0.00034587939795749785;0;0;2
ASTER BRASIL/espirito_santo;-20.3155;-40.3128;0.00034542997074909777;0;2;0
ESSUBE/minas_gerais;-18.9186;-48.2772;0.00034532271790833956;0;0;0
CORITIBA/sergipe;-25.4296;-49.2719;0.0003446125501481445;0;0;2
TIRADENTES/para;-1.4558;-48.4902;0.000340531558623924;1;1;1
VÊNUS/para;-1.7217;-48.8803;0.0003388473118976998;1;1;1
ARACAJU/sergipe;-10.9111;-37.0717;0.000336629280956482;1;2;3
AGRIMAQ JEQUIAENSE/alagoas;-10.1233;-36.1356;0.00033558935053489534;1;2;3
SÃO JOSÉ/tocantins;-10.2128;-48.3606;0.0003347717249209492;1;1;1
ATLÉTICO PIAUIENSE/piaui;-5.0892;-42.8016;0.00033446347369510307;1;2;3
CRUZEIRO/distrito_federal;-15.7939;-47.9575;0.0003335728971275604;0;1;0
INTER SM/rio_grande_do_sul;-29.6842;-53.8069;0.0003323439550673168;0;0;2
ESPORTE LIMOEIRO/ceara;-5.1478;-38.0975;0.0003320794727442569;1;2;3
FORTE/espirito_santo;-20.3155;-40.3128;0.0003317178444882178;0;2;0
ASSU/rio_grande_do_norte;-5.5814;-36.9133;0.0003317101980540602;1;2;3
CRUZEIRO/amapa;0.0349;-51.0694;0.00033153640762855873;1;1;1
BACABAL/maranhao;-4.2264;-44.7819;0.00032872460927762165;1;2;3
SANTA CRUZ/mato_grosso;-15.0756;-57.1819;0.0003278105518292534;0;1;1
CASTELO/espirito_santo;-20.6025;-41.1833;0.00032739036664052235;0;0;0
TORRES BRASIL/pernambuco;-8.05428;-34.8813;0.00032675184118118874;1;2;3
ALVORADA/tocantins;-12.4817;-49.1236;0.00032631103382898147;1;1;1
VILHENA/rondonia;-12.7414;-60.1458;0.00032566619005944;0;1;1
12 HORAS/rio_grande_do_sul;-30.0346;-51.2177;0.0003239906348816262;0;0;2
MANCHESTER FUTEBOL/minas_gerais;-21.7644;-43.3494;0.00032340371150370696;0;0;0
NÁUAS/acre;-7.6319;-72.6764;0.0003227898008686727;0;1;1
JC FUTEBOL CLUBE/amazonas;-3.1431;-58.4442;0.0003225575173611984;1;1;1
CASIMIRO DE ABREU/rio_de_janeiro;-22.4736;-42.2058;0.00032120177039695035;0;0;0
ANDIRÁ/acre;-9.9749;-67.8243;0.00031626817235759985;0;1;1
SUL AMÉRICA/amazonas;-3.119;-60.0217;0.00031523211050472747;1;1;1
BARCELONA ESPORTIVO/sao_paulo;-23.5505;-46.6333;0.00031374968530230296;0;0;0
PORTO/santa_catarina;-26.2361;-51.0736;0.00030872625616279264;0;0;2
BRAZLÂNDIA/distrito_federal;-15.6736;-48.2036;0.0003086005520835483;0;1;0
GEL/espirito_santo;-20.2417;-40.3375;0.0003081070747481703;0;2;0
HOPE INTERNACIONAL/parana;-25.4583;-49.3875;0.0003072981953771066;0;0;2
PIRES DO RIO/goias;-17.2997;-48.2897;0.00030715985899367387;0;1;0
MESQUITA/rio_de_janeiro;-22.7811;-43.4358;0.00030621801968834116;0;0;0
INDEPENDENTE/rio_de_janeiro;-22.375;-41.785;0.00030404048384942417;0;0;0
CDC DA AMAZÔNIA/amazonas;-3.2958;-60.6214;0.00030383146422172515;1;1;1
RIACHUELO/rio_grande_do_norte;-5.8256;-35.8256;0.00030155066547274894;1;2;3
TIANGUÁ/ceara;-3.7333;-40.9722;0.00030058047101312135;1;2;3
CAMPO NOVO/mato_grosso;-13.6736;-57.8864;0.0002992069437735634;0;1;1
RIACHO CITY/distrito_federal;-15.8833;-48.0167;0.0002990995493057097;0;1;0
QUEIMADOS/rio_de_janeiro;-22.7167;-43.5556;0.000298663194412613;0;0;0
SER CRUZ ALTA/rio_grande_do_sul;-28.6389;-53.6067;0.00029809631112167007;0;0;2
CHAPADA/mato_grosso;-15.4606;-55.7497;0.0002978610926505584;0;1;1
ANDRADINA/sao_paulo;-20.8936;-51.3753;0.0002954557625814716;0;0;2
FEMAR/paraiba;-7.115;-34.8642;0.0002951563176429214;1;2;3
URUMAJÓ/para;-1.0167;-46.65;0.00029356346788451194;1;1;1
FEIRENSE/bahia;-12.2667;-38.9667;0.0002930341479607329;1;2;3
SERRANO/paraiba;-7.27583;-35.6556;0.00029263035106075967;1;2;3
CENTRAL PARAÍSO/tocantins;-10.1764;-48.8736;0.0002913073217315669;1;1;1
PONTAPORANENSE/mato_grosso_do_sul;-22.5375;-55.7256;0.00028992493225841857;0;0;2
JARAGUÁ/santa_catarina;-26.4847;-49.075;0.0002896222762786712;0;0;2
ATIBAIA/sao_paulo;-23.1156;-46.5503;0.00028767010923079895;0;0;0
RONDONIENSE/rondonia;-8.7619;-63.9039;0.00028709266850843206;0;1;1
LAGO VERDE/maranhao;-3.58333;-45.1667;0.00028625834737537614;1;2;3
ROYAL/goias;-16.7036;-49.0953;0.00028478562936759154;0;1;0
BRASIL DE FARROUPILHA/rio_grande_do_sul;-29.2286;-51.3536;0.00028433499889164336;0;0;2
LAGOA/amapa;0.0349;-51.0694;0.0002836567759737448;1;1;1
ARAGUAIA DE PALMAS/tocantins;-10.2128;-48.3606;0.00028252371583421473;1;1;1
CANAÃ/bahia;-11.3039;-41.8553;0.00028203082513620525;1;2;3
TERRA E MAR/ceara;-3.7172;-38.5433;0.00027758516812424505;1;2;3
RB DO NORTE/amazonas;-3.119;-60.0217;0.000276613948989891;1;1;1
ITAREMA/ceara;-2.9258;-39.9136;0.0002765026593460924;1;2;3
JUVENTUS DE MINAS NOVAS/minas_gerais;-17.2183;-42.5875;0.00027531351752028375;0;2;0
LATITUDE ZERO/amapa;0.0349;-51.0694;0.00027457674008671057;1;1;1
PEDRA BRANCA/santa_catarina;-27.6461;-48.6714;0.0002741092292402006;0;0;2
MOGI MIRIM/sao_paulo;-22.4333;-46.9583;0.0002740540396123985;0;0;0
TUPY/espirito_santo;-20.3297;-40.2925;0.000273244707079525;0;2;0
ATLÉTICO AMAZONENSE/amazonas;-3.119;-60.0217;0.00027293932390312723;1;1;1
RIVER/roraima;2.8236;-60.6753;0.00027290213583406817;1;1;1
LEÔNICO/bahia;-12.9714;-38.5014;0.00027272667461622214;1;2;3
FLAMENGO DE GUANAMBI/bahia;-14.2239;-42.7811;0.0002722028670593843;1;2;0
JUARA/mato_grosso;-11.2619;-57.5358;0.00027167314528634036;0;1;1
SABUGY/paraiba;-6.86667;-36.9167;0.00027149987271434987;1;2;3
MARAU/rio_grande_do_sul;-28.4489;-52.1917;0.000271040147774857;0;0;2
SÃO GABRIEL/mato_grosso_do_sul;-19.3769;-54.5586;0.00026973024996901866;0;1;2
ATLÉTICO CERRADO/tocantins;-10.1764;-48.8714;0.0002694177866678413;1;1;1
CAIÇARA/piaui;-4.8264;-42.1678;0.00026864486573717017;1;2;3
PASSOS/minas_gerais;-20.7186;-46.6103;0.00026864423280039003;0;0;0
SAMPAIO/roraima;2.8236;-60.6753;0.0002661570140176884;1;1;1
NOVA PRATA/rio_grande_do_sul;-28.7811;-51.6089;0.0002641385107401844;0;0;2
INDEPENDENTE DE RIO VERDE/goias;-17.7919;-50.9239;0.000263232115151087;0;1;2
BOTAFOGO/sergipe;-11.4722;-37.7458;0.0002630593453682267;1;2;3
NAVEGANTES/santa_catarina;-26.8936;-48.6583;0.0002614113874747315;0;0;2
MIRAMAR/paraiba;-6.9814;-34.8361;0.00026057447180295436;1;2;3
ATLÉTICO BATISTENSE/santa_catarina;-27.2833;-48.8486;0.0002601777955397009;0;0;2
ATLÉTICO MOGI/sao_paulo;-23.5228;-46.1883;0.0002599218189418553;0;0;0
SABIÁ/maranhao;-4.86722;-43.3553;0.0002596089211439695;1;2;3
ROLIM DE MOURA/rondonia;-11.7258;-61.7758;0.0002593507256102562;0;1;1
PESQUEIRA/pernambuco;-8.3586;-36.6953;0.0002593490981301589;1;2;3
CANÁRIO/amapa;0.0349;-51.0694;0.0002590336202831194;1;1;1
TRÊS PASSOS/rio_grande_do_sul;-27.4658;-53.9358;0.0002571129754985418;0;0;2
BARE/amapa;2.8235;-60.6758;0.00025505694315622405;1;1;1
BELENENSE/para;-1.4558;-48.4902;0.000254121188812237;1;1;1
CAP DE UBERLÂNDIA/minas_gerais;-18.9186;-48.2772;0.00025327838750700886;0;0;0
BRASILIS/sao_paulo;-22.4786;-46.6353;0.0002510977828742602;0;0;0
AMERICANO/maranhao;-2.5307;-44.3068;0.0002493374440967698;1;2;3
UNIÃO DE PALMAS/tocantins;-10.2128;-48.3603;0.000249089999713075;1;1;1
PRS/rio_grande_do_sul;-28.2628;-52.4076;0.0002485537968975335;0;0;2
YPIRANGA/bahia;-12.9714;-38.5014;0.0002484012794002541;1;2;3
BETIS/minas_gerais;-20.5167;-43.7028;0.0002480967081615557;0;0;0
TESLA/para;-1.4558;-48.4902;0.00024797127695551797;1;1;1
ADEC/amapa;2.5033;-50.9456;0.0002472257980981526;1;1;1
MARAJÓ/para;-1.4558;-48.4902;0.0002460815869096229;1;1;1
DUQUE CAXIENSE/rio_de_janeiro;-22.7833;-43.3167;0.0002459141982068152;0;0;0
ALIANÇA/ceara;-4.1025;-38.5028;0.0002456469926557121;1;2;3
POTENGI/rio_grande_do_norte;-5.79448;-35.211;0.00024374002809670367;1;2;3
SETE/amazonas;-3.119;-60.0217;0.0002435137167611993;1;1;1
PARAÍSO/tocantins;-10.1753;-48.8756;0.0002419671584459405;1;1;1
PARAÍBA DO SUL/rio_de_janeiro;-22.1583;-43.2936;0.00024117847393112472;0;0;0
TRÊS LAGOAS/mato_grosso_do_sul;-20.7514;-51.6783;0.00023834985083137544;0;0;2
ATLÉTICO BACABAL/maranhao;-4.2264;-44.7819;0.00023772337968765926;1;2;3
TERESINA/piaui;-5.0892;-42.8016;0.00023676962891319166;1;2;3
FIGUEIRENSE/minas_gerais;-21.1375;-44.2619;0.000236638269921812;0;0;0
PIMENTENSE/rondonia;-11.6725;-61.1936;0.00023595461648158027;0;1;1
7 DE SETEMBRO/mato_grosso_do_sul;-22.2206;-54.8058;0.0002359490154746474;0;0;2
CALOUROS DO AR/ceara;-3.7319;-38.5267;0.00023559551627919857;1;2;3
BOTAFOGO/goias;-16.7689;-47.6125;0.00023518975614908168;0;1;0
ATLÉTICO/rio_grande_do_sul;-28.2464;-52.7853;0.00023509402512633822;0;0;2
BRÉSCIA/rio_de_janeiro;-22.9068;-43.1729;0.00023496397054574277;0;0;0
FERROVIÁRIO/piaui;-5.08917;-42.80167;0.00023290629153359686;1;2;3
RONDONÓPOLIS/mato_grosso;-16.4683;-54.6358;0.00023210444602786087;0;1;2
OESTE BRASIL/parana;-24.7253;-53.7378;0.00023167796299536863;0;0;2
GRÊMIO OSASCO/sao_paulo;-23.5325;-46.7925;0.0002298533675571457;0;0;2
CLUBE 1992/rio_grande_do_sul;-29.9514;-51.0925;0.00022838397549192446;0;0;2
ITACOATIARA/amazonas;-3.1431;-58.4442;0.00022776694969282174;1;1;1
UNIÃO INHUMAS/goias;-16.3658;-49.5067;0.0002265993990566255;0;1;0
COMERCIAL DE TRÊS LAGOAS/mato_grosso_do_sul;-20.7514;-51.6783;0.0002231274486190406;0;0;2
CITY LONDON/parana;-23.3103;-51.1628;0.00022297276669445924;0;0;2
UNIÃO HARMONIA/rio_grande_do_sul;-29.9191;-51.1892;0.00022278344130451458;0;0;2
ELOSPORT CAPÃO BONITO/sao_paulo;-24.0033;-48.3475;0.0002216576453083826;0;0;2
LIBRADE/amazonas;-3.119;-60.0217;0.00022103562335386943;1;1;1
CANOINHAS/santa_catarina;-26.1764;-50.3939;0.00021966201045247818;0;0;2
SANTA CRUZ/acre;-9.9747;-67.8076;0.00021945130715168127;0;1;1
ÁGUIA DE CUMARU/pernambuco;-7.9861;-35.7536;0.00021923787225307438;1;2;3
BELA VISTA/rio_de_janeiro;-22.8214;-43.0511;0.00021873495021583643;0;0;0
UNIÃO FREDERIQUENSE/rio_grande_do_sul;-27.3553;-53.3964;0.00021582325992988355;0;0;2
BARREIROS/pernambuco;-8.8239;-35.5139;0.0002143990294591594;1;2;3
ATLÉTICO/mato_grosso;-15.6014;-56.0979;0.00021257017071716613;0;1;1
TIMBAÚBA/pernambuco;-7.5069;-35.3167;0.00021231709989881611;1;2;3
CANAÃ/distrito_federal;-15.7733;-47.7619;0.000212219819281532;0;1;0
CAMAÇARIENSE/bahia;-12.6975;-38.3247;0.0002102155375499972;1;2;3
GRECAL/parana;-25.4583;-49.3875;0.00020918272920604484;0;0;2
ARSENAL/tocantins;-6.3286;-47.4764;0.00020892529092884693;1;1;1
MORENINHAS/mato_grosso_do_sul;-20.4428;-54.6461;0.00020808370437534968;0;1;2
TAVEIRÓPOLIS/mato_grosso_do_sul;-20.4428;-54.6464;0.0002075690743003378;0;1;2
SPORTING MARACANÃ/para;-0.7736;-47.4553;0.00020692579457134004;1;1;1
TAQUARUSSÚ/tocantins;-10.2128;-48.3606;0.00020491478445631124;1;1;1
SANTA FÉ/pernambuco;-7.9575;-36.2058;0.0002035088870152512;1;2;3
VILA REAL/ceara;-3.71722;-38.54333;0.00020164354735648386;1;2;3
DÍNAMO/alagoas;-9.6658;-35.7353;0.00020111670058388427;1;2;3
EXPRESSINHO/maranhao;-2.5307;-44.3068;0.00020035406048110507;1;2;3
ANJOS DO CÉU/ceara;-3.7319;-38.5267;0.0002000121643208279;1;2;3
COTINGUIBA/sergipe;-10.9167;-37.05;0.00019911548787568292;1;2;3
GUAJARÁ/rondonia;-10.7833;-65.3333;0.00019765433428618263;0;1;1
NOVA ANDRADINA/mato_grosso_do_sul;-22.2386;-53.3317;0.00019763396886287207;0;0;2
SÃO JOSÉ DE ITAPERUNA/rio_de_janeiro;-21.2058;-41.8886;0.00019678683376109476;0;0;0
PIRAPORA/minas_gerais;-17.3536;-44.9367;0.0001947386264420392;0;0;0
SOCIAL/minas_gerais;-19.5167;-42.6256;0.00019180648326529973;0;0;0
SÃO GABRIEL/rio_grande_do_sul;-30.3333;-54.3167;0.00019026569206875878;0;0;2
INTERNACIONAL/paraiba;-7.115;-34.8642;0.0001902292852556783;1;2;3
INTER SÃO GOTARDO/minas_gerais;-19.3033;-46.0436;0.00018918927455554015;0;0;0
BRASILEIRINHO/rio_de_janeiro;-22.9068;-43.1729;0.00018894188432200848;0;0;0
GÁLATAS/espirito_santo;-20.3155;-40.3128;0.00018867515303977144;0;2;0
MISTO/mato_grosso_do_sul;-20.7514;-51.6783;0.0001874021252826912;0;0;2
ALTAMIRA/para;-3.2028;-52.2064;0.00018637339752471845;1;1;1
PROGRESSO/roraima;2.4333;-60.9167;0.00018635469333268313;1;1;1
BALSAS/maranhao;-7.5333;-46.0333;0.00018547138395124508;1;1;3
CANDANGO/distrito_federal;-15.7939;-47.8828;0.0001847806802641173;0;1;0
MIRANORTE/tocantins;-9.5486;-48.3964;0.00018289525835158132;1;1;1
ARSENAL CARIDADE/ceara;-4.2586;-39.1733;0.0001827993481986413;1;2;3
CEART/mato_grosso_do_sul;-22.2206;-54.8058;0.00018275986850308973;0;0;2
SÃO DOMINGOS/alagoas;-9.6658;-35.7353;0.00018158890199146478;1;2;3
SERRANO/pernambuco;-7.9886;-38.2986;0.00018153568490197162;1;2;3
PORTELA/bahia;-9.4033;-38.2206;0.0001811391407426996;1;2;3
UIRAPURU/mato_grosso;-15.601;-56.0979;0.00017979459096617042;0;1;1
CHÃ GRANDE/pernambuco;-8.2486;-35.4636;0.00017963967123798625;1;2;3
LAJEADENSE/rio_grande_do_sul;-29.4673;-51.9711;0.0001760866639882928;0;0;2
ARAGUARI/minas_gerais;-18.6456;-48.1883;0.00017322043963470874;0;0;0
MONTE CRISTO/goias;-16.6809;-49.2533;0.00017103762827822125;0;1;0
ORLEANS/santa_catarina;-28.3556;-49.2936;0.00017103762827822125;0;0;2
BOLAMENSE/distrito_federal;-15.88583;-48.05389;0.00017103762827822125;0;1;0
ARAIOSES/maranhao;-2.8917;-41.9008;0.00017103762827822125;1;2;3
GRÊMIO CARAJÁS/para;-6.0725;-49.9025;0.00017103762827822125;1;1;1
PAULISTANO/mato_grosso;-15.5961;-56.0969;0.00017103762827822125;0;1;1
CAMAÇARI/bahia;-12.6975;-38.3247;0.00017103762827822125;1;2;3
TEIXEIRA DE FREITAS/bahia;-17.5386;-39.7386;0.00017103762827822125;0;2;0
COLINAS/tocantins;-8.0556;-48.4597;0.00017103762827822125;1;1;1
