clube;uf;pagerank_score
Flamengo;RJ;0.0174221722511509
Atlético Mineiro;MG;0.015543137841919649
Palmeiras;SP;0.0153326752022595
Fluminense;RJ;0.014553212734806953
São Paulo;SP;0.014239886833066063
Corinthians;SP;0.01423468989369021
Internacional;RS;0.013244699708222892
Botafogo;RJ;0.013129941182319112
Fortaleza;CE;0.012842497423944907
Grêmio;RS;0.012721147296290874
Athletico Paranaense;PR;0.012240092049169753
Red Bull Bragantino;SP;0.011735818528194388
Bahia;BA;0.011724782753046156
Santos;SP;0.010655802217255435
Atlético Goianiense;GO;0.010542443742810366
Cruzeiro;MG;0.010369079657688659
Vasco Da Gama;RJ;0.010126486467365916
Ceará;CE;0.009837332431984924
América Mineiro;MG;0.00954588773109044
Cuiabá;MT;0.009229929684107852
Juventude;RS;0.008817549158056827
Goiás;GO;0.008471275202692323
Vitória;BA;0.007491519700986077
Coritiba;PR;0.007444854494523526
Sport;PE;0.007393931327309361
Crb;AL;0.006741215578548548
Criciúma;SC;0.006238878680915459
Avaí;SC;0.006157529610493024
Vila Nova;GO;0.005769659791628812
Chapecoense;SC;0.005422491167938537
Mirassol;SP;0.005361817791911318
Operário;PR;0.0053460364297702595
Ponte Preta;SP;0.005139369862307675
Remo;PA;0.004855008985448779
Grêmio Novorizontino;SP;0.004742560704216669
Csa;AL;0.004671250961359599
Brusque;SC;0.004606219239292647
Guarani;SP;0.0045334639772402945
Sampaio Corrêa;MA;0.004385764314161082
Paysandu;PA;0.004368616194805164
Náutico;PE;0.0042763364474042226
Botafogo;SP;0.004062767552199036
Abc;RN;0.00377423563768383
Confiança;SE;0.003715489496432808
Volta Redonda;RJ;0.003663900409264559
Londrina;PR;0.003623389456001703
Ituano;SP;0.0035970692266986096
Tombense;MG;0.003540135040636621
Amazonas;AM;0.00350894583563147
São Bernardo;SP;0.003328102173901131
Brasiliense;DF;0.0032651205353282494
Figueirense;SC;0.003105070407139469
América;RN;0.0030956470274186723
Botafogo;PB;0.003083160715981263
Manaus;AM;0.002970714015079966
Ypiranga;RS;0.00296871704386677
Ferroviária;SP;0.0028791070524692257
Retrô;PE;0.00282665805819277
Nova Iguaçu;RJ;0.0027543116167438922
Ferroviário;CE;0.0027433918160506827
São José;RS;0.0027407258162804324
Brasil;RS;0.0027305352979442228
Altos;PI;0.002666779964781515
Athletic;MG;0.0025511825943826424
Maringá;PR;0.0025127597559867244
Caxias;RS;0.002508059962958127
Operário;MS;0.002465271713707708
Aparecidense;GO;0.0024606710871596846
Santa Cruz;PE;0.002447322556360494
Tocantinópolis;TO;0.002331204245661341
Portuguesa;RJ;0.0021861559223276005
Floresta;CE;0.002165262373903305
Ceilândia;DF;0.002157176667829678
Sousa;PB;0.002118177020528067
Sergipe;SE;0.00210610962791016
São Raimundo;RR;0.002028784762581237
Real Noroeste;ES;0.001996265323633991
Itabaiana;SE;0.001981237945356347
Anápolis;GO;0.0019766522394201553
Cascavel;PR;0.001962991767936087
Costa Rica;MS;0.0019292092364788088
Democrata;MG;0.0018845394462124784
Asa;AL;0.0018245629665082446
Juazeirense;BA;0.0018127693465155676
Jacuipense;BA;0.0017854994795262382
Paraná;PR;0.001767935831804294
Tuna Luso;PA;0.0017499881460313583
Capital Cf;DF;0.0017320906076718026
Campinense;PB;0.0017283399701687031
Rio Branco;ES;0.0017143830950204244
Gazin Porto Velho;RO;0.0017138635990628732
Lagarto;SE;0.0017040727117501452
Bahia De Feira;BA;0.001673923112248118
Oeste;SP;0.0016701797651418127
Moto Club;MA;0.0016681540011489653
Treze;PB;0.0016676405400562855
Gama;DF;0.0016584807982069486
Maranhão;MA;0.0016358426978306626
União Rondonópolis;MT;0.0016212711650304907
Cianorte;PR;0.0016212665046424094
Ceov Operário;MT;0.0016023987482331264
Trem;AP;0.0015783643152235724
Inter De Limeira;SP;0.0015588604095060554
Vitória;ES;0.001528369589210308
Olaria;RJ;0.0014965688214121611
Pouso Alegre;MG;0.0014855585771457582
Fluminense;PI;0.0014832302617413834
Ríver;PI;0.0014766552732997245
Grêmio Prudente;SP;0.0014587650418338518
Manauara;AM;0.0014395499396552408
Rio Branco;SP;0.0014384766818940793
Atlético;BA;0.0014379157817159943
Dourados;MS;0.0014317506271224272
4 De Julho;PI;0.0014303909853321418
Marcílio Dias;SC;0.0014288525194073377
Maricá;RJ;0.001410582256169004
Portuguesa;SP;0.001396767268548674
Boa Esporte;MG;0.0013961899925835118
São Luiz;RS;0.0013838447623624225
Iguatu;CE;0.001369976161405188
Atlético Cearense;CE;0.0013693582573060287
Duque De Caxias;RJ;0.0013549384394712489
Joinville;SC;0.001346540297290697
Xv De Piracicaba;SP;0.001341239631791219
Sampaio Corrêa;RJ;0.0013295795395470709
Grêmio São-Carlense;SP;0.0013230795194905881
Parnahyba;PI;0.0013202073592505567
Santo André;SP;0.001313272305357116
Gramadense;RS;0.0013083028608625808
Xv De Jaú;SP;0.0013052531578659956
Belford Roxo;RJ;0.0013042565762054932
Afogados Da Ingazeira;PE;0.001304099973790179
Gonçalense;RJ;0.0012823021548021638
Águia Negra;MS;0.0012667296027674103
America;RJ;0.001262919612860252
Nova Venécia;ES;0.0012602652041974031
Água Santa;SP;0.001258470632482169
São Bento;SP;0.0012559168656671202
Central;PE;0.0012545511246903436
São José;SP;0.0012527133573068715
Princesa;AM;0.0012518422553375987
Paduano;RJ;0.0012516650353526723
Betim Futebol;MG;0.0012459774560444397
Castanhal;PA;0.0012412357788353038
Barra;SC;0.0012383150816983616
Uberlândia;MG;0.001235236923007017
Taquaritinga;SP;0.0012322142693950507
Americano;RJ;0.0012296218253443638
Rio Branco De Venda Nova;ES;0.0012267609746797056
União Atlético;TO;0.0012239935814822686
Globo;RN;0.0012205937872421223
Audax Rio;RJ;0.0012161411158674313
Pérolas Negras;RJ;0.0012130558891280288
Aquidauanense;MS;0.0012050649698297305
Azuriz Futebol;PR;0.001194778692843614
Serra;ES;0.001188102948783942
Camboriú;SC;0.0011841078430440057
Imperatriz;MA;0.0011827997216399156
Serrano;RJ;0.0011775410491104748
Real Brasília;DF;0.0011774790767370646
Urt;MG;0.0011748794113417287
Anapolina;GO;0.0011642493003304183
Capital;TO;0.001156393875671109
Interporto;TO;0.0011523911197882828
Mixto;MT;0.0011509968804315903
Alecrim;RN;0.0011491618031238516
Novo Hamburgo;RS;0.0011488602375362249
Humaitá;AC;0.00114604179764838
Icasa;CE;0.001145414584263422
Resende;RJ;0.0011434766698688631
Rio Branco;AC;0.0011395001289763
Nova Mutum;MT;0.0011360658447151877
Nacional;AM;0.001133724064411047
Cabofriense;RJ;0.001133682729669214
Boavista;RJ;0.001126547255073516
Catanduva;SP;0.001123397153707581
Hercílio Luz;SC;0.0011219146408047566
Falcon;SE;0.0011184381108060978
Maracanã;CE;0.0011178451732801404
Barra;SE;0.001116339759825366
Grêmio Anápolis;GO;0.001110027087471393
Caldense;MG;0.0011098288104881388
Porto Vitória;ES;0.0011075385484984293
Univassouras Artsul;RJ;0.001105055857799168
Vocem;SP;0.0011002758823693672
Goianésia;GO;0.0010952090432292812
Cruzeiro;RS;0.001086988321477802
Aimoré;RS;0.0010855841039273868
Ca Patrocinense;MG;0.0010831135500199867
São Borja;RS;0.0010814046517875493
Caucaia;CE;0.001077370078856873
Francana;SP;0.0010739224787262285
Noroeste;SP;0.0010700534811289553
Ca Votuporanguense;SP;0.0010696991402691762
Crac;GO;0.0010681317833609707
Luverdense;MT;0.0010660918981219183
Bangu;RJ;0.0010647040771365878
Petrolina;PE;0.0010594040865918636
Comercial;MS;0.0010583102259511894
Marília;SP;0.0010581720057522461
Olímpico;SE;0.0010530498361785638
Potiguar;RN;0.001052210758391551
Cametá;PA;0.0010488720713535131
Iporá;GO;0.0010466817529612104
Centro Oeste;GO;0.001043173888425032
Macapá;AP;0.0010389764325723333
Monte Azul;SP;0.0010383135616899661
Velo Clube;SP;0.0010361132349389814
Flamengo;SP;0.0010318840607683414
Paulista;SP;0.0010304393922790482
Bonsucesso;RJ;0.001021823836421342
Ipatinga;MG;0.001015128791980485
Coimbra;MG;0.0010115818145862436
Capivariano;SP;0.0010057977576594895
Paragominas;PA;0.0010041388772745483
União Barbarense;SP;0.000997273657314829
Pacajus;CE;0.0009954384599633699
Concórdia;SC;0.0009938544148099654
Monsoon;RS;0.000991310961994609
Bragantino;PA;0.0009907023918466868
Penapolense;SP;0.0009886006522814537
Itapirense;SP;0.0009884381368582514
Nacional;SP;0.0009860191904218184
Goytacaz;RJ;0.0009846515982279448
Independente De Limeira;SP;0.0009833900923806223
São Raimundo;PA;0.0009809256624386576
Santos;AP;0.0009801088088755888
Palmas;TO;0.0009791277395657853
Aymorés;MG;0.0009769117315799158
Canaã;PA;0.0009766223040954176
Inhumas;GO;0.0009745298492209156
Goiânia;GO;0.0009706256468656142
Cse;AL;0.0009702135607388396
Uni Souza;RJ;0.0009578390243464375
Galvez;AC;0.0009551747888977605
Santa Cruz De Natal;RN;0.0009534570824413289
Desportiva Ferroviária;ES;0.0009516398699943201
Rio Claro;SP;0.0009496246438788262
Juventus;SP;0.0009494003314624595
Itabuna;BA;0.0009459424691749001
Trindade;GO;0.0009441620219059017
Primavera;SP;0.000942625479478415
Desportivo Brasil;SP;0.0009418395692744293
Aguia De Maraba;PA;0.0009416588344403954
Guarany;SE;0.000940447785132733
Independente;AP;0.0009381632403692407
Tupynambás;MG;0.0009376688689698616
Águia;PA;0.0009365322891923533
Goiatuba;GO;0.0009203546563694366
Guarani V. Aires;RS;0.0009183611996403259
Campo Grande;RJ;0.0009155511305869106
Taubaté;SP;0.000912715629497267
Villa Nova;MG;0.0009085249379567621
Cruzeiro;AL;0.0009079266234428432
América;SE;0.0009035843422235458
Atlético Gloriense;SE;0.0009032689298282834
Guanabara City;GO;0.0009025004533741053
Inter De Bebedouro;SP;0.0009023235984058585
Mauá;SP;0.0009022385052255349
Guarany De Sobral;CE;0.0009020889684739606
São Gonçalo;RJ;0.0008999653988591893
Murici;AL;0.0008996833443311438
União Suzano;SP;0.0008984847083099679
Nacional Atl. Muriaé;MG;0.0008973496767267887
Friburguense;RJ;0.0008964750640171051
Portuguesa Santista;SP;0.0008942887109820395
São Raimundo;AM;0.0008932682293736958
Amazônia Independente;PA;0.0008903683938278075
Atlético;PB;0.000887557029763605
São Francisco;PA;0.0008860609525452746
Jequié;BA;0.000884299542994545
Bandeirante;SP;0.000884136720061724
Mamoré;MG;0.0008826832392349157
Barcelona De Ilhéus;BA;0.00088254590617622
Juventus Jaraguá;SC;0.0008804552980092579
Real Sport Club;RS;0.000879796725397971
Rio Grande;RS;0.0008776594402748745
Salgueiro;PE;0.0008745617609251714
Gas;RR;0.0008732452980398419
Linense;SP;0.0008730644232531936
Timon;PI;0.0008730586579551516
Barra Da Tijuca;RJ;0.0008730480023233429
Rio De Janeiro;RJ;0.000868160454228553
Ji-Paraná;RO;0.0008669156024579136
Ypiranga;AP;0.0008653506944073593
Naviraiense;MS;0.0008635100447862466
Iape;MA;0.0008620961261542016
Ska Brasil;SP;0.0008619396501542208
Barretos;SP;0.0008602089374282747
Nacional;PB;0.00085836743760802
Capitão Poço;PA;0.000858038339414601
Bela Vista;TO;0.000857108513997513
Caeté;PA;0.0008543033759105423
São Caetano;SP;0.0008538218850858744
Paranoá;DF;0.0008509456018775928
Fluminense De Feira;BA;0.0008490430132835083
Carapebus;RJ;0.0008479642054163613
Mineiros;GO;0.0008479435997191104
North Esporte Clube;MG;0.0008444794389277611
Varginha;MG;0.0008411491659145493
Vitória Das Tabocas;PE;0.0008408047872023531
Comercial;SP;0.0008391206471447922
Laguna;RN;0.000831951931385811
Santa Rosa;PA;0.0008317869842304768
Dorense;SE;0.0008303156574738363
Horizonte;CE;0.0008296536937466995
Itabirito;MG;0.0008290552985468324
Juventude;MA;0.000827494018335695
Zumbi;AL;0.0008249218220847414
Gurupi;TO;0.0008184678313988558
Santa Helena;GO;0.0008181638428046997
Osasco Audax;SP;0.000814989820670242
Serc;MS;0.0008148805709123801
Coruripe;AL;0.0008138508313151015
Vitória Da Conquista;BA;0.0008137073408331149
América;GO;0.0008136921031153372
Picos;PI;0.0008108614063028667
Independente Tucuruí;PA;0.0008060570116603584
Vera Cruz;PE;0.0008041614682308352
Crato;CE;0.0008027627650847224
Guarani;MG;0.0008021011669964791
Maranguape;CE;0.0008010404877874216
Serra Macaense;RJ;0.0008007907143391501
Aruko;PR;0.0007977191730069717
Bela Vista;GO;0.0007954053627254485
Colorado Caieiras;SP;0.0007951270627438161
Frei Paulistano;SE;0.0007905756101556378
Nação;SC;0.0007887288031386502
Madureira;RJ;0.0007867433349332807
Itapipoca;CE;0.0007859203891683426
Foz Do Iguaçu;PR;0.0007849038876388732
Parauapebas;PA;0.000784605655397343
Fast Clube;AM;0.0007842884885018531
Sertãozinho;SP;0.000783814348808385
Zinza;RJ;0.0007830235147629368
União São João;SP;0.0007829251210883042
América T.O;MG;0.0007750804249053121
São Cristóvão;RJ;0.0007707253267906435
São Joseense;PR;0.0007706142541308136
Joseense;SP;0.000768129483785967
Macaé;RJ;0.0007674350795624329
Carlos Renaux;SC;0.00076415927334962
São Paulo;RS;0.0007632649349994124
São Paulo Crystal;PB;0.000762441749956233
Gaúcho;RS;0.0007605125667347926
Ivinhema;MS;0.0007579696210320711
Santa Cruz;RS;0.0007522083282744936
Uberaba;MG;0.00075209914443147
Parintins;AM;0.000752019938468755
Valeriodoce;MG;0.0007516999281744401
Paranavaí;PR;0.0007504688882724487
Campos;RJ;0.0007451199985050189
Andraus;PR;0.0007450440372811576
Aseev;GO;0.0007446510443195535
Abecat Ouvidorense;GO;0.0007446230002246359
Real Ariquemes;RO;0.0007436899780268397
Tupi;MG;0.0007386072393249343
Nacional;PR;0.0007380946010560414
Serra Branca;PB;0.0007340669933072841
Santa Catarina;SC;0.0007331888330989547
Izabelense;PA;0.0007310574785242901
Riograndense;RS;0.0007309411645344914
Tuntum;MA;0.0007307780037574105
Oratório;AP;0.0007289702524639478
Elite Cd;RS;0.0007267434572329169
Pinheirense;PA;0.0007256698300257618
Jataiense;GO;0.00072404634625409
Taguatinga;DF;0.0007203874595091671
Rio Branco;PR;0.0007189725818701929
Matonense;SP;0.0007187313384302057
Porto;PE;0.0007184048396404405
Luziânia;GO;0.0007172458577790958
Estrela Do Norte;ES;0.0007171791535948427
Atlético;AC;0.0007149269918944902
Búzios;RJ;0.0007130481879788033
Grêmio Mauaense;SP;0.0007127503913259359
Colo Colo;BA;0.0007126907268558032
Íbis;PE;0.0007125621801945662
Rio Preto;SP;0.0007121480367248867
Batalhão;TO;0.0007082528464233229
Patriotas;PR;0.0007067785178311019
Tanabi;SP;0.0007066719421492493
Estanciano;SE;0.0007048784896748963
Abd;GO;0.0006962019237428043
Pinheiro;MA;0.0006930359921995368
Samambaia;DF;0.000691647548937174
Cordino;MA;0.0006904931418085804
Arraial Do Cabo;RJ;0.0006901306755893485
União Cacoalense;RO;0.0006892454915215964
Confiança;PB;0.0006887753484279909
Jabaquara;SP;0.0006859466664939124
Guarany De Bagé;RS;0.0006854069326333787
Nova Cidade;RJ;0.0006824960866108998
Dom Bosco;MT;0.000681948148339017
Baraúnas;RN;0.0006817706729813663
Futebol Com Vida;RS;0.0006805300116080183
Independência;AC;0.0006794107756063232
Império Serrano;RJ;0.0006764899270371343
Corumbaense;MS;0.0006755455941980253
Ceilandense;DF;0.0006754007766834763
Atlético Paraense;PA;0.0006747694881896157
Paraty;RJ;0.0006739295308675446
7 De Abril;RJ;0.0006724138414149615
Rio Verde;GO;0.0006710964807650772
Niteroiense;RJ;0.0006708697848529387
América;SP;0.0006704049724029183
Vilavelhense;ES;0.0006677676803437586
Coxim;MS;0.0006662045618861796
Iguaçu;PR;0.0006661940377978724
Inter De Lages;SC;0.0006661745390626121
Tupy;GO;0.0006626100646798985
Cariri;CE;0.000658720265950678
Esmac;PA;0.0006580822997352165
Penarol;AM;0.000657572233592092
Araguaína;TO;0.0006572295170340288
Atlético Tubarão;SC;0.0006565738964169317
Tocantins Miracema;TO;0.0006564433062371862
Oeirense;PI;0.0006562934327104255
Laranja Mecânica;PR;0.0006542388978760523
Grapiúna;BA;0.0006535642876313286
Manthiqueira;SP;0.0006533250784394691
Barbalha;CE;0.000649858172954901
Maguary;PE;0.000647925042492358
Araçatuba;SP;0.0006470447809710223
Itz Sport;MA;0.0006452076476459463
União Paraense;PA;0.000643196056843632
Angra Dos Reis;RJ;0.0006426096050236453
Caravaggio;SC;0.0006400726816875037
Capixaba;ES;0.0006363039596901739
Operário;AM;0.0006322839706297773
Mossoró;RN;0.0006313360142629966
São Francisco;AC;0.0006311493725654411
Guarani De Juazeiro;CE;0.0006300079392028927
Auto Esporte;PB;0.000629079192493198
Maracaju;MS;0.0006270386678327684
Qfc;RN;0.0006234785833655792
Pstc;PR;0.0006231523518503256
Morrinhos;GO;0.0006224309579480288
Csp;PB;0.0006205422820480436
Potyguar Seridoense;RN;0.0006185039647661652
Apafut;RS;0.0006132348547991536
Decisão;PE;0.0006131275887465163
Guarany;AL;0.0006100583689979295
Bataguassu;MS;0.0006079121178187758
Cr Aquidauana;MS;0.0006079121178187758
Guarani;SC;0.0006058695890963524
Corisabbá;PI;0.0006052490551124144
Juventus;RJ;0.0006042670660156659
Pelotas;RS;0.000604060732153233
Independente;SE;0.00060358306820308
Maruinense;SE;0.000601293971785077
Atlético Central;SE;0.0006003277972926848
Aparecida;GO;0.0005953840677647103
Flamengo;PI;0.0005944240519936254
Planaltina;DF;0.0005913731905670485
Santos;PA;0.0005911551674423543
União Luziense;MG;0.0005909766926729401
Bagé;RS;0.0005896736981822089
Itumbiara;GO;0.0005890932006249086
Santa Cruz;RJ;0.0005883886633701039
Galícia;BA;0.0005875797157627886
Contagem;MG;0.0005871268001292019
Metropolitano;SC;0.0005870512320129054
Araguacema;TO;0.0005863295413081746
Sorriso;MT;0.0005832691593681547
Brasília;DF;0.0005831057475391317
Centro Limoeirense;PE;0.0005830416330637419
Guaraí;TO;0.0005816863499107025
Ypiranga;PE;0.0005809050966804055
Toledo;PR;0.0005790965895315201
Sobradinho;DF;0.000578757805276508
Barcelona;RO;0.0005768879447479507
Jacobina;BA;0.0005755089266336093
Ad Carmópolis;SE;0.0005747751486089409
Ae Paracatu;MG;0.0005742229130553351
Força E Luz;RN;0.000573258369845697
Tiradentes;CE;0.0005731168296467709
Caruaru City;PE;0.000572303976699808
Crixás;GO;0.0005721823958921908
Rio São Paulo;RJ;0.0005721065403498204
Guaporé;RO;0.0005697846240830507
Fonte Nova;PA;0.0005690787279309531
Ipojuca;PE;0.0005690678759897034
Caçador;SC;0.0005687449424681139
Piauí;PI;0.0005671298091364085
América De Pedrinhas;SE;0.0005654784122935083
Desportiva Guarabira;PB;0.0005643725309054287
Canindé;SE;0.0005625496629038816
Tupan;MA;0.0005595794579780544
Cerrado;GO;0.0005593992645129622
São Carlos;SP;0.0005590034309301247
Blumenau;SC;0.000558300921703789
Rio Negro;AM;0.0005576629983868421
Sinop;MT;0.0005561874054454501
Carajás;PA;0.0005538658478575385
Itupiranga;PA;0.0005532505610144507
Guarulhos;SP;0.0005521353199654006
Boquinhense;SE;0.0005519817117214386
Caac Brasil;RJ;0.0005514917645818044
Pacatuba;CE;0.0005512858033414531
Poconé;MT;0.000548490808838526
Esporte;PB;0.0005482673507797259
Tapajós;PA;0.0005480534856648796
Atlético Carioca;RJ;0.0005475872539235693
América;PE;0.000546454772489728
Passo Fundo;RS;0.0005450035976229884
Apucarana Sports;PR;0.0005414465338001904
Novoperário;MS;0.00054044884925325
Gavião Kyikatejê;PA;0.0005403064681102192
Itararé;SP;0.0005398244092526877
Tupã;SP;0.0005395125043865313
Ceres;RJ;0.0005378614069826755
Sport Sinop;MT;0.0005375767732897076
Comercial;PI;0.0005364795745191089
São Paulo;AP;0.0005348970979769046
Jaraguá;GO;0.0005348789392730336
Igrejinha;RS;0.0005304047674304466
Náutico;RR;0.0005286530322730558
Penedense;AL;0.0005260251212144381
Sapucaiense;RS;0.0005259394946275006
Ecus;SP;0.0005259144094545292
Uruaçu;GO;0.0005258501369387752
Portuguesa;AP;0.0005256629504031537
Ação;MT;0.0005252892168862487
Bom Jesus;GO;0.0005248575008275477
Santa Maria;DF;0.0005238528354805875
Amparo;SP;0.0005228397553367038
Desportivo Aliança;AL;0.0005224052960837592
Vera Cruz;RJ;0.000520313479231517
Prudentópolis;PR;0.0005200070249327703
Cristal;AP;0.0005187642965356328
Araruama;RJ;0.0005174166248650728
Jaguaré;ES;0.0005171081560211964
Esportivo;RS;0.000515267223956666
Desportiva Aracaju;SE;0.000513601021045689
Atlético Catarinense;SC;0.0005125446050538832
Poços De Caldas;MG;0.0005113534646995371
Batel;PR;0.0005103766513391893
Ff Sport;AL;0.0005088779238886868
Batatais;SP;0.0005075883446928201
Tigres Do Brasil;RJ;0.000506279222091635
Queimadense;PB;0.0005056843861951488
Crateús;CE;0.0005041749110695969
Fluminense De Joinville;SC;0.0004984554996280983
Pinheiros;ES;0.0004979399756023387
Araxá;MG;0.0004972110585007425
Chapadinha;MA;0.0004969713521958804
Cáceres;MT;0.0004944920607136923
Sete De Setembro;PE;0.0004938176404621459
Quixadá;CE;0.0004924404255795976
Viana;MA;0.0004915589075729133
Barra Mansa;RJ;0.0004914975607414084
Baré;RR;0.0004887492347647716
Boca Júnior;SE;0.0004878410906041065
União Central;RJ;0.0004876112666671714
São José;AP;0.0004875538028593459
At. Itapemirim;ES;0.00048571970754388195
Unirb;BA;0.00048506410649328923
Verê;PR;0.00048465832502857345
Academia;MT;0.00048464951527886816
Socorrense;SE;0.0004843136195089069
Pedreira;PA;0.0004840999635412484
Inter De Minas;MG;0.0004828966826207495
Luminense;MA;0.00048281640472165724
Mageense;RJ;0.00048269310676638254
Vilhenense;RO;0.0004811981863364447
Jaguar;PE;0.0004799594327140446
Araucária;PR;0.00047833807316819527
Unaí;MG;0.00047758998802307725
Grêmio Pague Menos;CE;0.0004768475287558754
Alvorada;AM;0.00047609829362361934
Sparta;TO;0.000475105422750487
Santana;AP;0.0004746750802593242
Rolândia;PR;0.00047427837956477806
Sport Belém;PA;0.0004720148876686732
Visão Celeste;RN;0.0004717565300336007
Picuiense;PB;0.00047151393646266876
Avenida;RS;0.0004707309448534833
Mazagão;AP;0.0004690790797715533
Cliper;AM;0.0004689047099477675
Boston City Brasil;MG;0.00046807371132978414
Genus;RO;0.00046789358394628254
Amadense;SE;0.00046702079596110964
Paraense;PA;0.0004654472503385574
Riopardense;RS;0.00046505924789243226
Primavera;MT;0.00046258882136651435
Atlético Roraima;RR;0.00045865182262734653
Novo Horizonte;RS;0.00045665344246382725
Grêmio Maringá;PR;0.0004545549372334505
Glória;RS;0.0004530224061867033
Vila Rica;PA;0.00044909174857656785
Garibaldi;RS;0.0004473146665227239
Nacional Uberaba;MG;0.00044608370188249885
Portuguesa;MS;0.0004446542864569251
Sport Atibaia;SP;0.0004408895606467171
Jacobinense;BA;0.00044067581041005354
Assisense;SP;0.00044038537796327673
Osvaldo Cruz;SP;0.0004390547298237316
Rio Grande;RN;0.00043855772383254166
Santarritense;MG;0.0004379120334247211
Tirol;CE;0.0004313232864605396
Olímpia;SP;0.0004309982214211179
Próspera;SC;0.00043024390926982525
Vasco Da Gama;AC;0.0004293355492196523
Botafogo;BA;0.0004292922871661503
Red Bull Brasil;SP;0.00042834401219215
União Mogi;SP;0.00042744803822673014
Palmeira De Goianinha;RN;0.00042622093333731574
Pombal;PB;0.0004241924741416876
Santa Cruz Riachuelo;SE;0.00042215855400762906
São Luís;MA;0.00042176263470925716
União Beltrão;PR;0.00042175485124742735
Barcelona;RJ;0.0004211710999637153
Spartax;PB;0.00041784039450453586
Cte Colatina;ES;0.0004171633023049312
Nova Conquista;TO;0.00041598923505973244
Igaci;AL;0.00041475160538465754
Legião;DF;0.0004125351949288414
Belo Jardim;PE;0.0004118354988126464
Itaberaí;GO;0.00041104877418569603
Red Bull Bragantino Ii;SP;0.00041067118285214975
Araguaia;MT;0.0004103189948449525
Iraty;PR;0.0004101447192596835
Sport Capixaba;ES;0.0004093325021173892
Força Jovem Aquidabã;SE;0.00040824720490542773
Farroupilha;RS;0.0004078875446175691
Lemense;SP;0.0004077652002590007
Flamengo;PE;0.0004076317901622631
Dimensão Saúde;AL;0.00040731993299221935
Juazeiro;BA;0.0004059986541015637
Rioverdense;GO;0.00040591635116535546
Arapongas;PR;0.00040543709896325537
Operário Ceov;MT;0.0004049159296024262
Sete De Junho;SE;0.00040175609224535623
União;MS;0.0004014282888875155
São José;MA;0.00040071243469200457
Plácido De Castro;AC;0.00040014997988793683
Adesg;AC;0.00039669125298144646
Santo Ângelo;RS;0.0003954956988823048
Socorro;SE;0.0003950901592937051
Porto;BA;0.0003949570942273347
Cacerense;MT;0.00039473914292154934
Ceo;AL;0.00039283020551331973
Itaboraí Profute;RJ;0.00039264055483693387
Riostrense;RJ;0.0003920535724843473
Imbituba;SC;0.0003919544778689513
Parnamirim;RN;0.000391897303401439
Fernandópolis;SP;0.0003913255106229668
União;CE;0.0003911472702999492
São Mateus;ES;0.0003905649717204664
Atlético Pernambucano;PE;0.0003889176988912549
1° De Maio;PE;0.0003886790677230215
Portuguesa Londrinense;PR;0.0003881413837256768
Flamengo;SE;0.0003860479733062631
Villa Real;MG;0.0003854126425192426
Campo Mourão;PR;0.00038310807610704087
Doce Mel;BA;0.00038229018252690925
Pantanal;MS;0.0003811170862905108
Real;RR;0.00038075317849279916
Cambé;PR;0.0003801260867771475
Atlético Itajaí;SC;0.00037944710226102873
Serranense;MG;0.0003792898970336058
Novo Esporte;MG;0.0003792290468401995
Aruc;DF;0.0003774550462973321
Sesp Samambaense;DF;0.0003757489479368519
Miguelense;AL;0.00037505064923279674
Tiradentes;PI;0.0003713790031088094
Propriá;SE;0.0003713063183793118
Grêmio Valparaíso;GO;0.00037070421822072775
Perilima;PB;0.0003698976811435543
Ferroviário Do Cabo;PE;0.00036945299851753074
Linhares;ES;0.0003668869502294286
Sport Lagoa Seca;PB;0.0003665491535671901
Cruzeiro;PB;0.0003628301251814844
Monte Roraima;RR;0.00036176798506992703
Ssa;BA;0.0003612703108381339
Atl. Três Corações;MG;0.000360737970404589
Náutico;MS;0.0003594259048243371
Formosa;GO;0.00035766154927502976
Tarumã;AM;0.0003555884099793974
Univap Apodi;RN;0.00035345248901791023
Cabense;PE;0.0003533434211967828
Campo Grande;CE;0.0003532713008339134
Renovação;AP;0.00035280624649615215
Iranduba;AM;0.0003512901730409291
Jaciobá;AL;0.00035102589781839074
Rio Negro;RR;0.00034751218731020816
Riachão;SE;0.00034729415100608833
Santacruzense;SP;0.00034587939795749785
Aster Brasil;ES;0.00034542997074909777
Essube;MG;0.00034532271790833956
Coritiba;SE;0.0003446125501481445
Tiradentes;PA;0.000340531558623924
Vênus;PA;0.0003388473118976998
Aracaju;SE;0.000336629280956482
Agrimaq Jequiaense;AL;0.00033558935053489534
São José;TO;0.0003347717249209492
Atlético Piauiense;PI;0.00033446347369510307
Cruzeiro;DF;0.0003335728971275604
Inter Sm;RS;0.0003323439550673168
Esporte Limoeiro;CE;0.0003320794727442569
Forte;ES;0.0003317178444882178
Assu;RN;0.0003317101980540602
Cruzeiro;AP;0.00033153640762855873
Bacabal;MA;0.00032872460927762165
Santa Cruz;MT;0.0003278105518292534
Castelo;ES;0.00032739036664052235
Torres Brasil;PE;0.00032675184118118874
Alvorada;TO;0.00032631103382898147
Vilhena;RO;0.00032566619005944
12 Horas;RS;0.0003239906348816262
Manchester Futebol;MG;0.00032340371150370696
Náuas;AC;0.0003227898008686727
Jc Futebol Clube;AM;0.0003225575173611984
Casimiro De Abreu;RJ;0.00032120177039695035
Andirá;AC;0.00031626817235759985
Sul América;AM;0.00031523211050472747
Barcelona Esportivo;SP;0.00031374968530230296
Porto;SC;0.00030872625616279264
Brazlândia;DF;0.0003086005520835483
Gel;ES;0.0003081070747481703
Hope Internacional;PR;0.0003072981953771066
Pires Do Rio;GO;0.00030715985899367387
Mesquita;RJ;0.00030621801968834116
Independente;RJ;0.00030404048384942417
Cdc Da Amazônia;AM;0.00030383146422172515
Riachuelo;RN;0.00030155066547274894
Tianguá;CE;0.00030058047101312135
Campo Novo;MT;0.0002992069437735634
Riacho City;DF;0.0002990995493057097
Queimados;RJ;0.000298663194412613
Ser Cruz Alta;RS;0.00029809631112167007
Chapada;MT;0.0002978610926505584
Andradina;SP;0.0002954557625814716
Femar;PB;0.0002951563176429214
Urumajó;PA;0.00029356346788451194
Feirense;BA;0.0002930341479607329
Serrano;PB;0.00029263035106075967
Central Paraíso;TO;0.0002913073217315669
Pontaporanense;MS;0.00028992493225841857
Jaraguá;SC;0.0002896222762786712
Atibaia;SP;0.00028767010923079895
Rondoniense;RO;0.00028709266850843206
Lago Verde;MA;0.00028625834737537614
Royal;GO;0.00028478562936759154
Brasil De Farroupilha;RS;0.00028433499889164336
Lagoa;AP;0.0002836567759737448
Araguaia De Palmas;TO;0.00028252371583421473
Canaã;BA;0.00028203082513620525
Terra E Mar;CE;0.00027758516812424505
Rb Do Norte;AM;0.000276613948989891
Itarema;CE;0.0002765026593460924
Juventus De Minas Novas;MG;0.00027531351752028375
Latitude Zero;AP;0.00027457674008671057
Pedra Branca;SC;0.0002741092292402006
Mogi Mirim;SP;0.0002740540396123985
Tupy;ES;0.000273244707079525
Atlético Amazonense;AM;0.00027293932390312723
River;RR;0.00027290213583406817
Leônico;BA;0.00027272667461622214
Flamengo De Guanambi;BA;0.0002722028670593843
Juara;MT;0.00027167314528634036
Sabugy;PB;0.00027149987271434987
Marau;RS;0.000271040147774857
São Gabriel;MS;0.00026973024996901866
Atlético Cerrado;TO;0.0002694177866678413
Caiçara;PI;0.00026864486573717017
Passos;MG;0.00026864423280039003
Sampaio;RR;0.0002661570140176884
Nova Prata;RS;0.0002641385107401844
Independente De Rio Verde;GO;0.000263232115151087
Botafogo;SE;0.0002630593453682267
Navegantes;SC;0.0002614113874747315
Miramar;PB;0.00026057447180295436
Atlético Batistense;SC;0.0002601777955397009
Atlético Mogi;SP;0.0002599218189418553
Sabiá;MA;0.0002596089211439695
Rolim De Moura;RO;0.0002593507256102562
Pesqueira;PE;0.0002593490981301589
Canário;AP;0.0002590336202831194
Três Passos;RS;0.0002571129754985418
Bare;AP;0.00025505694315622405
Belenense;PA;0.000254121188812237
Cap De Uberlândia;MG;0.00025327838750700886
Brasilis;SP;0.0002510977828742602
Americano;MA;0.0002493374440967698
União De Palmas;TO;0.000249089999713075
Prs;RS;0.0002485537968975335
Ypiranga;BA;0.0002484012794002541
Betis;MG;0.0002480967081615557
Tesla;PA;0.00024797127695551797
Adec;AP;0.0002472257980981526
Marajó;PA;0.0002460815869096229
Duque Caxiense;RJ;0.0002459141982068152
Aliança;CE;0.0002456469926557121
Potengi;RN;0.00024374002809670367
Sete;AM;0.0002435137167611993
Paraíso;TO;0.0002419671584459405
Paraíba Do Sul;RJ;0.00024117847393112472
Três Lagoas;MS;0.00023834985083137544
Atlético Bacabal;MA;0.00023772337968765926
Teresina;PI;0.00023676962891319166
Figueirense;MG;0.000236638269921812
Pimentense;RO;0.00023595461648158027
7 De Setembro;MS;0.0002359490154746474
Calouros Do Ar;CE;0.00023559551627919857
Botafogo;GO;0.00023518975614908168
Atlético;RS;0.00023509402512633822
Bréscia;RJ;0.00023496397054574277
Ferroviário;PI;0.00023290629153359686
Rondonópolis;MT;0.00023210444602786087
Oeste Brasil;PR;0.00023167796299536863
Grêmio Osasco;SP;0.0002298533675571457
Clube 1992;RS;0.00022838397549192446
Itacoatiara;AM;0.00022776694969282174
União Inhumas;GO;0.0002265993990566255
Comercial De Três Lagoas;MS;0.0002231274486190406
City London;PR;0.00022297276669445924
União Harmonia;RS;0.00022278344130451458
Elosport Capão Bonito;SP;0.0002216576453083826
Librade;AM;0.00022103562335386943
Canoinhas;SC;0.00021966201045247818
Santa Cruz;AC;0.00021945130715168127
Águia De Cumaru;PE;0.00021923787225307438
Bela Vista;RJ;0.00021873495021583643
União Frederiquense;RS;0.00021582325992988355
Barreiros;PE;0.0002143990294591594
Atlético;MT;0.00021257017071716613
Timbaúba;PE;0.00021231709989881611
Canaã;DF;0.000212219819281532
Camaçariense;BA;0.0002102155375499972
Grecal;PR;0.00020918272920604484
Arsenal;TO;0.00020892529092884693
Moreninhas;MS;0.00020808370437534968
Taveirópolis;MS;0.0002075690743003378
Sporting Maracanã;PA;0.00020692579457134004
Taquarussú;TO;0.00020491478445631124
Santa Fé;PE;0.0002035088870152512
Vila Real;CE;0.00020164354735648386
Dínamo;AL;0.00020111670058388427
Expressinho;MA;0.00020035406048110507
Anjos Do Céu;CE;0.0002000121643208279
Cotinguiba;SE;0.00019911548787568292
Guajará;RO;0.00019765433428618263
Nova Andradina;MS;0.00019763396886287207
São José De Itaperuna;RJ;0.00019678683376109476
Pirapora;MG;0.0001947386264420392
Social;MG;0.00019180648326529973
São Gabriel;RS;0.00019026569206875878
Internacional;PB;0.0001902292852556783
Inter São Gotardo;MG;0.00018918927455554015
Brasileirinho;RJ;0.00018894188432200848
Gálatas;ES;0.00018867515303977144
Misto;MS;0.0001874021252826912
Altamira;PA;0.00018637339752471845
Progresso;RR;0.00018635469333268313
Balsas;MA;0.00018547138395124508
Candango;DF;0.0001847806802641173
Miranorte;TO;0.00018289525835158132
Arsenal Caridade;CE;0.0001827993481986413
Ceart;MS;0.00018275986850308973
São Domingos;AL;0.00018158890199146478
Serrano;PE;0.00018153568490197162
Portela;BA;0.0001811391407426996
Uirapuru;MT;0.00017979459096617042
Chã Grande;PE;0.00017963967123798625
Lajeadense;RS;0.0001760866639882928
Araguari;MG;0.00017322043963470874
Monte Cristo;GO;0.00017103762827822125
Orleans;SC;0.00017103762827822125
Bolamense;DF;0.00017103762827822125
Araioses;MA;0.00017103762827822125
Grêmio Carajás;PA;0.00017103762827822125
Paulistano;MT;0.00017103762827822125
Camaçari;BA;0.00017103762827822125
Teixeira De Freitas;BA;0.00017103762827822125
Colinas;TO;0.00017103762827822125
