rodada;visitante;mandante;modo;dist_ida_volta_km;tempo_ida_volta_h;detalhes
1;GUARANI;MARANHÃO;FLIGHT;5308.8;15.9;Voo VCP->SLZ (2623km). Ônibus t1:19km, t3:13km.
1;CAXIAS;BRUSQUE;ROAD;1102.8;14.8;Ônibus: 551km em 7.4h.
1;BARRA;BOTAFOGO;FLIGHT;6089.6;17.2;Voo NVT->JPA (3014km). Ônibus t1:15km, t3:16km.
1;FERROVIÁRIA;MARINGÁ;ROAD;1027.7;12.9;Ônibus: 514km em 6.5h.
1;ANÁPOLIS;ITUANO;FLIGHT;1884.5;13.0;Voo GYN->VCP (850km). Ônibus t1:50km, t3:43km.
1;FLORESTA;INTER DE LIMEIRA;FLIGHT;5499.4;17.2;Voo FOR->VCP (2669km). Ônibus t1:9km, t3:72km.
1;AMAZONAS;CONFIANÇA;FLIGHT;6222.1;16.8;Voo MAO->AJU (3087km). Ônibus t1:13km, t3:11km.
1;PAYSANDU;VOLTA REDONDA;FLIGHT;5940.3;19.4;Voo BEL->RRJ (2821km). Ônibus t1:12km, t3:137km.
1;ITABAIANA;SANTA CRUZ;ROAD;1047.1;14.3;Ônibus: 524km em 7.2h.
1;FIGUEIRENSE;YPIRANGA;ROAD;1030.4;17.2;Ônibus: 515km em 8.6h.
2;SANTA CRUZ;FLORESTA;FLIGHT;1478.8;10.8;Voo REC->FOR (719km). Ônibus t1:11km, t3:9km.
2;BOTAFOGO;FERROVIÁRIA;FLIGHT;4996.3;15.3;Voo JPA->AQA (2477km). Ônibus t1:16km, t3:6km.
2;MARANHÃO;BARRA;FLIGHT;6333.0;17.3;Voo SLZ->NVT (3139km). Ônibus t1:13km, t3:15km.
2;BRUSQUE;PAYSANDU;FLIGHT;6594.9;18.4;Voo NVT->BEL (3245km). Ônibus t1:40km, t3:12km.
2;CONFIANÇA;CAXIAS;FLIGHT;5767.9;16.0;Voo AJU->CXJ (2868km). Ônibus t1:11km, t3:5km.
2;INTER DE LIMEIRA;ANÁPOLIS;FLIGHT;1941.7;13.7;Voo VCP->GYN (850km). Ônibus t1:72km, t3:50km.
2;VOLTA REDONDA;GUARANI;ROAD;748.3;9.2;Ônibus: 374km em 4.6h.
2;YPIRANGA;ITABAIANA;FLIGHT;5897.3;20.2;Voo XAP->AJU (2784km). Ônibus t1:100km, t3:65km.
2;ITUANO;AMAZONAS;FLIGHT;6118.9;17.4;Voo VCP->MAO (3003km). Ônibus t1:43km, t3:13km.
2;MARINGÁ;FIGUEIRENSE;ROAD;1447.8;19.8;Ônibus: 724km em 9.9h.
3;SANTA CRUZ;CONFIANÇA;ROAD;998.4;13.5;Ônibus: 499km em 6.7h.
3;ITUANO;INTER DE LIMEIRA;ROAD;200.9;2.6;Ônibus: 100km em 1.3h.
3;CAXIAS;VOLTA REDONDA;FLIGHT;2678.2;15.2;Voo CXJ->RRJ (1197km). Ônibus t1:5km, t3:137km.
3;BARRA;PAYSANDU;FLIGHT;6544.4;17.4;Voo NVT->BEL (3245km). Ônibus t1:15km, t3:12km.
3;ANÁPOLIS;YPIRANGA;FLIGHT;3095.7;16.2;Voo GYN->XAP (1398km). Ônibus t1:50km, t3:100km.
3;MARANHÃO;AMAZONAS;FLIGHT;4097.7;14.2;Voo SLZ->MAO (2023km). Ônibus t1:13km, t3:13km.
3;ITABAIANA;GUARANI;FLIGHT;4091.8;15.9;Voo AJU->VCP (1963km). Ônibus t1:65km, t3:19km.
3;BOTAFOGO;FIGUEIRENSE;FLIGHT;6244.1;17.2;Voo JPA->FLN (3090km). Ônibus t1:16km, t3:17km.
3;FERROVIÁRIA;FLORESTA;FLIGHT;5202.5;15.4;Voo AQA->FOR (2586km). Ônibus t1:6km, t3:9km.
3;BRUSQUE;MARINGÁ;ROAD;1328.0;18.4;Ônibus: 664km em 9.2h.
4;CONFIANÇA;BRUSQUE;FLIGHT;5019.5;16.5;Voo AJU->NVT (2458km). Ônibus t1:11km, t3:40km.
4;PAYSANDU;ITABAIANA;FLIGHT;3944.4;15.4;Voo BEL->AJU (1896km). Ônibus t1:12km, t3:65km.
4;FLORESTA;BOTAFOGO;ROAD;1293.6;20.1;Ônibus: 647km em 10.1h.
4;VOLTA REDONDA;MARANHÃO;FLIGHT;5494.7;19.0;Voo RRJ->SLZ (2598km). Ônibus t1:137km, t3:13km.
4;AMAZONAS;SANTA CRUZ;FLIGHT;6578.2;17.2;Voo MAO->REC (3265km). Ônibus t1:13km, t3:11km.
4;FIGUEIRENSE;ANÁPOLIS;FLIGHT;2948.6;13.8;Voo FLN->GYN (1408km). Ônibus t1:17km, t3:50km.
4;INTER DE LIMEIRA;BARRA;ROAD;1474.3;19.3;Ônibus: 737km em 9.6h.
4;MARINGÁ;ITUANO;ROAD;1163.3;14.0;Ônibus: 582km em 7.0h.
4;GUARANI;FERROVIÁRIA;ROAD;367.1;4.7;Ônibus: 184km em 2.3h.
4;YPIRANGA;CAXIAS;ROAD;585.2;10.7;Ônibus: 293km em 5.3h.
5;SANTA CRUZ;GUARANI;FLIGHT;4891.6;15.3;Voo REC->VCP (2416km). Ônibus t1:11km, t3:19km.
5;INTER DE LIMEIRA;CONFIANÇA;FLIGHT;4090.6;15.5;Voo VCP->AJU (1963km). Ônibus t1:72km, t3:11km.
5;ANÁPOLIS;FERROVIÁRIA;ROAD;1356.9;17.5;Ônibus: 678km em 8.8h.
5;BRUSQUE;VOLTA REDONDA;FLIGHT;1930.9;15.7;Voo NVT->RRJ (788km). Ônibus t1:40km, t3:137km.
5;CAXIAS;AMAZONAS;FLIGHT;7036.2;17.6;Voo CXJ->MAO (3500km). Ônibus t1:5km, t3:13km.
5;ITABAIANA;MARINGÁ;FLIGHT;5000.3;17.2;Voo AJU->MGF (2419km). Ônibus t1:65km, t3:17km.
5;BOTAFOGO;PAYSANDU;FLIGHT;3806.3;13.9;Voo JPA->BEL (1875km). Ônibus t1:16km, t3:12km.
5;BARRA;FIGUEIRENSE;ROAD;163.6;2.3;Ônibus: 82km em 1.1h.
5;MARANHÃO;FLORESTA;FLIGHT;1532.7;11.0;Voo SLZ->FOR (744km). Ônibus t1:13km, t3:9km.
5;ITUANO;YPIRANGA;FLIGHT;1943.2;14.5;Voo VCP->XAP (829km). Ônibus t1:43km, t3:100km.
6;ANÁPOLIS;PAYSANDU;FLIGHT;4008.2;14.9;Voo GYN->BEL (1942km). Ônibus t1:50km, t3:12km.
6;FLORESTA;ITABAIANA;FLIGHT;2018.0;13.1;Voo FOR->AJU (935km). Ônibus t1:9km, t3:65km.
6;BOTAFOGO;MARANHÃO;FLIGHT;2693.9;12.6;Voo JPA->SLZ (1319km). Ônibus t1:16km, t3:13km.
6;FERROVIÁRIA;VOLTA REDONDA;ROAD;1107.4;13.7;Ônibus: 554km em 6.9h.
6;CAXIAS;BARRA;ROAD;1065.6;13.9;Ônibus: 533km em 7.0h.
6;FIGUEIRENSE;AMAZONAS;FLIGHT;6931.0;17.8;Voo FLN->MAO (3436km). Ônibus t1:17km, t3:13km.
6;CONFIANÇA;ITUANO;FLIGHT;4033.4;14.8;Voo AJU->VCP (1963km). Ônibus t1:11km, t3:43km.
6;YPIRANGA;BRUSQUE;ROAD;965.5;16.2;Ônibus: 483km em 8.1h.
6;GUARANI;MARINGÁ;ROAD;1261.7;15.2;Ônibus: 631km em 7.6h.
6;SANTA CRUZ;INTER DE LIMEIRA;FLIGHT;4997.6;16.5;Voo REC->VCP (2416km). Ônibus t1:11km, t3:72km.
7;MARINGÁ;YPIRANGA;ROAD;1353.7;19.4;Ônibus: 677km em 9.7h.
7;VOLTA REDONDA;SANTA CRUZ;FLIGHT;4610.2;17.8;Voo RRJ->REC (2157km). Ônibus t1:137km, t3:11km.
7;AMAZONAS;FLORESTA;FLIGHT;5547.3;16.0;Voo MAO->FOR (2751km). Ônibus t1:13km, t3:9km.
7;ITABAIANA;FIGUEIRENSE;FLIGHT;5229.2;17.2;Voo AJU->FLN (2533km). Ônibus t1:65km, t3:17km.
7;PAYSANDU;CAXIAS;FLIGHT;7146.3;17.6;Voo BEL->CXJ (3556km). Ônibus t1:12km, t3:5km.
7;BRUSQUE;FERROVIÁRIA;FLIGHT;1388.7;11.8;Voo NVT->AQA (648km). Ônibus t1:40km, t3:6km.
7;BARRA;ANÁPOLIS;FLIGHT;2742.8;13.7;Voo NVT->GYN (1307km). Ônibus t1:15km, t3:50km.
7;ITUANO;GUARANI;ROAD;99.9;1.4;Ônibus: 50km em 0.7h.
7;MARANHÃO;CONFIANÇA;FLIGHT;2853.2;12.6;Voo SLZ->AJU (1403km). Ônibus t1:13km, t3:11km.
7;INTER DE LIMEIRA;BOTAFOGO;FLIGHT;5203.9;17.1;Voo VCP->JPA (2515km). Ônibus t1:72km, t3:16km.
8;GUARANI;BARRA;ROAD;1374.8;18.1;Ônibus: 687km em 9.1h.
8;CAXIAS;MARANHÃO;FLIGHT;7018.3;17.6;Voo CXJ->SLZ (3491km). Ônibus t1:5km, t3:13km.
8;SANTA CRUZ;MARINGÁ;FLIGHT;5788.4;16.6;Voo REC->MGF (2866km). Ônibus t1:11km, t3:17km.
8;ANÁPOLIS;BRUSQUE;FLIGHT;2793.3;14.7;Voo GYN->NVT (1307km). Ônibus t1:50km, t3:40km.
8;FERROVIÁRIA;AMAZONAS;FLIGHT;5660.0;15.9;Voo AQA->MAO (2811km). Ônibus t1:6km, t3:13km.
8;ITABAIANA;INTER DE LIMEIRA;FLIGHT;4197.8;17.1;Voo AJU->VCP (1963km). Ônibus t1:65km, t3:72km.
8;FIGUEIRENSE;CONFIANÇA;FLIGHT;5122.0;15.6;Voo FLN->AJU (2533km). Ônibus t1:17km, t3:11km.
8;YPIRANGA;VOLTA REDONDA;FLIGHT;2872.4;18.0;Voo XAP->RRJ (1199km). Ônibus t1:100km, t3:137km.
8;FLORESTA;PAYSANDU;FLIGHT;2657.7;12.3;Voo FOR->BEL (1308km). Ônibus t1:9km, t3:12km.
8;BOTAFOGO;ITUANO;FLIGHT;5146.6;16.4;Voo JPA->VCP (2515km). Ônibus t1:16km, t3:43km.
9;CONFIANÇA;FLORESTA;FLIGHT;1910.8;11.4;Voo AJU->FOR (935km). Ônibus t1:11km, t3:9km.
9;VOLTA REDONDA;ITABAIANA;FLIGHT;3823.7;18.4;Voo RRJ->AJU (1711km). Ônibus t1:137km, t3:65km.
9;MARINGÁ;BOTAFOGO;FLIGHT;5971.3;17.1;Voo MGF->JPA (2953km). Ônibus t1:17km, t3:16km.
9;ITUANO;CAXIAS;FLIGHT;1928.4;11.9;Voo VCP->CXJ (916km). Ônibus t1:43km, t3:5km.
9;AMAZONAS;GUARANI;FLIGHT;6070.2;16.8;Voo MAO->VCP (3003km). Ônibus t1:13km, t3:19km.
9;FERROVIÁRIA;SANTA CRUZ;FLIGHT;4802.6;14.8;Voo AQA->REC (2385km). Ônibus t1:6km, t3:11km.
9;YPIRANGA;INTER DE LIMEIRA;FLIGHT;2000.4;15.2;Voo XAP->VCP (829km). Ônibus t1:100km, t3:72km.
9;MARANHÃO;ANÁPOLIS;FLIGHT;3912.2;14.9;Voo SLZ->GYN (1894km). Ônibus t1:13km, t3:50km.
9;PAYSANDU;FIGUEIRENSE;FLIGHT;6749.1;17.5;Voo BEL->FLN (3346km). Ônibus t1:12km, t3:17km.
9;BRUSQUE;BARRA;ROAD;84.8;1.6;Ônibus: 42km em 0.8h.
10;CAXIAS;GUARANI;FLIGHT;1879.7;11.3;Voo CXJ->VCP (916km). Ônibus t1:5km, t3:19km.
10;ANÁPOLIS;AMAZONAS;FLIGHT;4528.6;15.6;Voo GYN->MAO (2201km). Ônibus t1:50km, t3:13km.
10;SANTA CRUZ;BRUSQUE;FLIGHT;5924.6;17.5;Voo REC->NVT (2911km). Ônibus t1:11km, t3:40km.
10;INTER DE LIMEIRA;PAYSANDU;FLIGHT;5680.8;17.4;Voo VCP->BEL (2757km). Ônibus t1:72km, t3:12km.
10;ITUANO;ITABAIANA;FLIGHT;4140.5;16.4;Voo VCP->AJU (1963km). Ônibus t1:43km, t3:65km.
10;FIGUEIRENSE;FLORESTA;FLIGHT;6607.9;17.4;Voo FLN->FOR (3278km). Ônibus t1:17km, t3:9km.
10;CONFIANÇA;VOLTA REDONDA;FLIGHT;3716.6;16.7;Voo AJU->RRJ (1711km). Ônibus t1:11km, t3:137km.
10;MARANHÃO;MARINGÁ;FLIGHT;5714.5;16.6;Voo SLZ->MGF (2827km). Ônibus t1:13km, t3:17km.
10;BOTAFOGO;YPIRANGA;FLIGHT;6895.0;20.2;Voo JPA->XAP (3332km). Ônibus t1:16km, t3:100km.
10;BARRA;FERROVIÁRIA;FLIGHT;1338.2;10.9;Voo NVT->AQA (648km). Ônibus t1:15km, t3:6km.
11;ITABAIANA;ANÁPOLIS;FLIGHT;3572.3;15.9;Voo AJU->GYN (1672km). Ônibus t1:65km, t3:50km.
11;VOLTA REDONDA;BOTAFOGO;FLIGHT;4838.2;18.3;Voo RRJ->JPA (2267km). Ônibus t1:137km, t3:16km.
11;YPIRANGA;SANTA CRUZ;FLIGHT;6695.9;19.6;Voo XAP->REC (3237km). Ônibus t1:100km, t3:11km.
11;FIGUEIRENSE;ITUANO;ROAD;1395.4;19.4;Ônibus: 698km em 9.7h.
11;PAYSANDU;MARANHÃO;ROAD;1585.4;22.6;Ônibus: 793km em 11.3h.
11;MARINGÁ;CAXIAS;FLIGHT;1514.9;11.1;Voo MGF->CXJ (735km). Ônibus t1:17km, t3:5km.
11;FLORESTA;BRUSQUE;FLIGHT;6480.3;18.3;Voo FOR->NVT (3191km). Ônibus t1:9km, t3:40km.
11;INTER DE LIMEIRA;FERROVIÁRIA;ROAD;265.7;3.4;Ônibus: 133km em 1.7h.
11;AMAZONAS;BARRA;FLIGHT;6737.3;17.8;Voo MAO->NVT (3340km). Ônibus t1:13km, t3:15km.
11;GUARANI;CONFIANÇA;FLIGHT;3984.7;14.2;Voo VCP->AJU (1963km). Ônibus t1:19km, t3:11km.
12;MARINGÁ;INTER DE LIMEIRA;ROAD;1170.5;14.6;Ônibus: 585km em 7.3h.
12;BARRA;FLORESTA;FLIGHT;6429.9;17.4;Voo NVT->FOR (3191km). Ônibus t1:15km, t3:9km.
12;SANTA CRUZ;PAYSANDU;FLIGHT;3904.8;13.7;Voo REC->BEL (1929km). Ônibus t1:11km, t3:12km.
12;FERROVIÁRIA;ITABAIANA;FLIGHT;4007.1;15.4;Voo AQA->AJU (1933km). Ônibus t1:6km, t3:65km.
12;GUARANI;FIGUEIRENSE;ROAD;1532.8;20.2;Ônibus: 766km em 10.1h.
12;CONFIANÇA;YPIRANGA;FLIGHT;5790.2;18.6;Voo AJU->XAP (2784km). Ônibus t1:11km, t3:100km.
12;MARANHÃO;ITUANO;FLIGHT;5357.5;16.5;Voo SLZ->VCP (2623km). Ônibus t1:13km, t3:43km.
12;ANÁPOLIS;CAXIAS;FLIGHT;3343.8;13.9;Voo GYN->CXJ (1617km). Ônibus t1:50km, t3:5km.
12;BRUSQUE;BOTAFOGO;FLIGHT;6140.1;18.1;Voo NVT->JPA (3014km). Ônibus t1:40km, t3:16km.
12;AMAZONAS;VOLTA REDONDA;FLIGHT;6847.6;20.6;Voo MAO->RRJ (3274km). Ônibus t1:13km, t3:137km.
13;INTER DE LIMEIRA;MARANHÃO;FLIGHT;5414.7;17.2;Voo VCP->SLZ (2623km). Ônibus t1:72km, t3:13km.
13;BARRA;CONFIANÇA;FLIGHT;4969.0;15.6;Voo NVT->AJU (2458km). Ônibus t1:15km, t3:11km.
13;VOLTA REDONDA;MARINGÁ;FLIGHT;2345.8;15.4;Voo RRJ->MGF (1019km). Ônibus t1:137km, t3:17km.
13;ITUANO;SANTA CRUZ;FLIGHT;4940.3;15.8;Voo VCP->REC (2416km). Ônibus t1:43km, t3:11km.
13;FLORESTA;GUARANI;FLIGHT;5393.4;16.0;Voo FOR->VCP (2669km). Ônibus t1:9km, t3:19km.
13;CAXIAS;FERROVIÁRIA;FLIGHT;2031.7;11.2;Voo CXJ->AQA (1005km). Ônibus t1:5km, t3:6km.
13;PAYSANDU;YPIRANGA;FLIGHT;6859.1;19.8;Voo BEL->XAP (3317km). Ônibus t1:12km, t3:100km.
13;BOTAFOGO;ANÁPOLIS;FLIGHT;4440.3;15.7;Voo JPA->GYN (2155km). Ônibus t1:16km, t3:50km.
13;FIGUEIRENSE;BRUSQUE;ROAD;200.2;3.1;Ônibus: 100km em 1.6h.
13;ITABAIANA;AMAZONAS;FLIGHT;6329.3;18.4;Voo AJU->MAO (3087km). Ônibus t1:65km, t3:13km.
14;FLORESTA;CAXIAS;FLIGHT;7193.7;17.8;Voo FOR->CXJ (3582km). Ônibus t1:9km, t3:5km.
14;AMAZONAS;INTER DE LIMEIRA;FLIGHT;6176.2;18.1;Voo MAO->VCP (3003km). Ônibus t1:13km, t3:72km.
14;SANTA CRUZ;BARRA;FLIGHT;5874.1;16.6;Voo REC->NVT (2911km). Ônibus t1:11km, t3:15km.
14;FERROVIÁRIA;ITUANO;ROAD;417.0;5.4;Ônibus: 208km em 2.7h.
14;MARINGÁ;ANÁPOLIS;FLIGHT;2001.1;12.9;Voo MGF->GYN (934km). Ônibus t1:17km, t3:50km.
14;GUARANI;PAYSANDU;FLIGHT;5574.8;16.1;Voo VCP->BEL (2757km). Ônibus t1:19km, t3:12km.
14;YPIRANGA;MARANHÃO;FLIGHT;6806.0;19.9;Voo XAP->SLZ (3290km). Ônibus t1:100km, t3:13km.
14;CONFIANÇA;BOTAFOGO;ROAD;1226.4;16.8;Ônibus: 613km em 8.4h.
14;BRUSQUE;ITABAIANA;FLIGHT;5126.6;18.1;Voo NVT->AJU (2458km). Ônibus t1:40km, t3:65km.
14;VOLTA REDONDA;FIGUEIRENSE;FLIGHT;1998.5;14.7;Voo RRJ->FLN (846km). Ônibus t1:137km, t3:17km.
15;MARANHÃO;FERROVIÁRIA;FLIGHT;5024.3;15.2;Voo SLZ->AQA (2494km). Ônibus t1:13km, t3:6km.
15;FIGUEIRENSE;SANTA CRUZ;FLIGHT;6025.4;16.6;Voo FLN->REC (2985km). Ônibus t1:17km, t3:11km.
15;ITABAIANA;CONFIANÇA;ROAD;111.6;1.8;Ônibus: 56km em 0.9h.
15;ANÁPOLIS;VOLTA REDONDA;FLIGHT;2517.9;16.2;Voo GYN->RRJ (1073km). Ônibus t1:50km, t3:137km.
15;ITUANO;BRUSQUE;ROAD;1280.2;18.3;Ônibus: 640km em 9.2h.
15;BARRA;YPIRANGA;ROAD;1183.1;15.8;Ônibus: 592km em 7.9h.
15;BOTAFOGO;CAXIAS;FLIGHT;6887.2;17.6;Voo JPA->CXJ (3423km). Ônibus t1:16km, t3:5km.
15;PAYSANDU;AMAZONAS;FLIGHT;3041.2;12.7;Voo BEL->MAO (1495km). Ônibus t1:12km, t3:13km.
15;MARINGÁ;FLORESTA;FLIGHT;6074.2;17.0;Voo MGF->FOR (3011km). Ônibus t1:17km, t3:9km.
15;INTER DE LIMEIRA;GUARANI;ROAD;115.3;1.6;Ônibus: 58km em 0.8h.
16;FERROVIÁRIA;FIGUEIRENSE;FLIGHT;1540.5;10.9;Voo AQA->FLN (748km). Ônibus t1:6km, t3:17km.
16;SANTA CRUZ;BOTAFOGO;ROAD;233.0;3.5;Ônibus: 117km em 1.8h.
16;VOLTA REDONDA;INTER DE LIMEIRA;ROAD;862.7;10.6;Ônibus: 431km em 5.3h.
16;BARRA;ITUANO;ROAD;1238.9;17.4;Ônibus: 619km em 8.7h.
16;AMAZONAS;MARINGÁ;FLIGHT;5628.9;16.5;Voo MAO->MGF (2784km). Ônibus t1:13km, t3:17km.
16;FLORESTA;YPIRANGA;FLIGHT;7095.4;20.2;Voo FOR->XAP (3438km). Ônibus t1:9km, t3:100km.
16;CAXIAS;ITABAIANA;FLIGHT;5875.1;17.6;Voo CXJ->AJU (2868km). Ônibus t1:5km, t3:65km.
16;BRUSQUE;MARANHÃO;FLIGHT;6383.4;18.2;Voo NVT->SLZ (3139km). Ônibus t1:40km, t3:13km.
16;GUARANI;ANÁPOLIS;FLIGHT;1835.8;12.5;Voo VCP->GYN (850km). Ônibus t1:19km, t3:50km.
16;CONFIANÇA;PAYSANDU;FLIGHT;3837.3;13.7;Voo AJU->BEL (1896km). Ônibus t1:11km, t3:12km.
17;ITUANO;VOLTA REDONDA;ROAD;809.4;10.1;Ônibus: 405km em 5.0h.
17;BOTAFOGO;AMAZONAS;FLIGHT;6541.8;17.4;Voo JPA->MAO (3242km). Ônibus t1:16km, t3:13km.
17;INTER DE LIMEIRA;BRUSQUE;ROAD;1509.8;20.1;Ônibus: 755km em 10.0h.
17;MARANHÃO;SANTA CRUZ;FLIGHT;2807.3;12.5;Voo SLZ->REC (1380km). Ônibus t1:13km, t3:11km.
17;MARINGÁ;CONFIANÇA;FLIGHT;4893.2;15.6;Voo MGF->AJU (2419km). Ônibus t1:17km, t3:11km.
17;FIGUEIRENSE;CAXIAS;ROAD;932.7;12.2;Ônibus: 466km em 6.1h.
17;ITABAIANA;BARRA;FLIGHT;5076.1;17.2;Voo AJU->NVT (2458km). Ônibus t1:65km, t3:15km.
17;ANÁPOLIS;FLORESTA;FLIGHT;4350.9;15.4;Voo GYN->FOR (2117km). Ônibus t1:50km, t3:9km.
17;PAYSANDU;FERROVIÁRIA;FLIGHT;5235.3;15.3;Voo BEL->AQA (2600km). Ônibus t1:12km, t3:6km.
17;YPIRANGA;GUARANI;FLIGHT;1894.5;13.9;Voo XAP->VCP (829km). Ônibus t1:100km, t3:19km.
18;FLORESTA;VOLTA REDONDA;FLIGHT;5325.5;18.7;Voo FOR->RRJ (2517km). Ônibus t1:9km, t3:137km.
18;PAYSANDU;ITUANO;FLIGHT;5623.6;16.7;Voo BEL->VCP (2757km). Ônibus t1:12km, t3:43km.
18;GUARANI;BOTAFOGO;FLIGHT;5097.9;15.8;Voo VCP->JPA (2515km). Ônibus t1:19km, t3:16km.
18;CAXIAS;SANTA CRUZ;FLIGHT;6673.9;17.0;Voo CXJ->REC (3321km). Ônibus t1:5km, t3:11km.
18;AMAZONAS;BRUSQUE;FLIGHT;6787.8;18.7;Voo MAO->NVT (3340km). Ônibus t1:13km, t3:40km.
18;ANÁPOLIS;CONFIANÇA;FLIGHT;3465.2;14.3;Voo GYN->AJU (1672km). Ônibus t1:50km, t3:11km.
18;BARRA;MARINGÁ;ROAD;1292.8;17.6;Ônibus: 646km em 8.8h.
18;FIGUEIRENSE;INTER DE LIMEIRA;FLIGHT;1409.1;12.3;Voo FLN->VCP (616km). Ônibus t1:17km, t3:72km.
18;FERROVIÁRIA;YPIRANGA;FLIGHT;1929.0;13.6;Voo AQA->XAP (859km). Ônibus t1:6km, t3:100km.
18;ITABAIANA;MARANHÃO;FLIGHT;2960.4;14.2;Voo AJU->SLZ (1403km). Ônibus t1:65km, t3:13km.
19;CONFIANÇA;FERROVIÁRIA;FLIGHT;3900.0;13.7;Voo AJU->AQA (1933km). Ônibus t1:11km, t3:6km.
19;BRUSQUE;GUARANI;ROAD;1399.7;18.9;Ônibus: 700km em 9.5h.
19;MARANHÃO;FIGUEIRENSE;FLIGHT;6530.4;17.4;Voo SLZ->FLN (3236km). Ônibus t1:13km, t3:17km.
19;BOTAFOGO;ITABAIANA;ROAD;1274.8;17.5;Ônibus: 637km em 8.8h.
19;ITUANO;FLORESTA;FLIGHT;5442.1;16.5;Voo VCP->FOR (2669km). Ônibus t1:43km, t3:9km.
19;SANTA CRUZ;ANÁPOLIS;FLIGHT;4297.6;15.3;Voo REC->GYN (2088km). Ônibus t1:11km, t3:50km.
19;INTER DE LIMEIRA;CAXIAS;FLIGHT;1985.7;12.6;Voo VCP->CXJ (916km). Ônibus t1:72km, t3:5km.
19;VOLTA REDONDA;BARRA;FLIGHT;1880.4;14.8;Voo RRJ->NVT (788km). Ônibus t1:137km, t3:15km.
19;MARINGÁ;PAYSANDU;FLIGHT;5749.2;16.6;Voo MGF->BEL (2846km). Ônibus t1:17km, t3:12km.
19;YPIRANGA;AMAZONAS;FLIGHT;6621.4;19.6;Voo XAP->MAO (3197km). Ônibus t1:100km, t3:13km.
