ICAO Aeródromo Origem;ICAO Aeródromo Destino;flights
SBSP;SBRJ;18169
SBRJ;SBSP;18163
SBSP;SBBR;8910
SBBR;SBSP;8862
SBSP;SBCF;8166
SBCF;SBSP;8162
SBSP;SBPA;7927
SBPA;SBSP;7885
SBCT;SBSP;6991
SBSP;SBCT;6986
SBGR;SBPA;6462
SBPA;SBGR;6451
SBGR;SBRF;6058
SBRF;SBGR;5937
SBCF;SBGR;5404
SBGL;SBGR;5346
SBGR;SBCF;5282
SBSP;SBSV;5202
SBGR;SBGL;5196
SBSV;SBSP;5177
SBCT;SBGR;5080
SBGR;SBCT;5047
SBSP;SBFL;5037
SBFL;SBSP;5015
SBGR;SBBR;4981
SBBR;SBGR;4949
SBRJ;SBBR;4324
SBBR;SBRJ;4313
SBGR;SBSV;4301
SBFZ;SBGR;4154
SBSV;SBGR;4148
SBSP;SBRF;3898
SBRF;SBSP;3878
SBGR;SBFZ;3873
SBPA;SBGL;3798
SBGL;SBPA;3786
SBCY;SBGR;3543
SBFL;SBGR;3527
SBGR;SBFL;3517
SBSP;SBGO;3472
SBGO;SBSP;3462
SBGR;SBCY;3429
SBSP;SBNF;3364
SBNF;SBSP;3356
SBGR;SBVT;3276
SBRF;SBGL;3206
SBGL;SBCF;3205
SBVT;SBGR;3199
SBGR;SBMO;3197
SBMO;SBGR;3174
SBCF;SBKP;3171
SBCF;SBGL;3168
SBGL;SBRF;3157
SBKP;SBCF;3125
SBCF;SBBR;3082
SBBR;SBCF;3071
SBGL;SBVT;3066
SBSV;SBGL;3025
SBGR;SBGO;3022
SBGL;SBSV;3004
SBVT;SBGL;2998
SBEG;SBGR;2978
SBGO;SBGR;2910
SBBR;SBKP;2905
SBKP;SBBR;2895
SBGR;SBBE;2887
SBRF;SBBR;2764
SBBR;SBRF;2761
SBGR;SBEG;2742
SBCT;SBKP;2723
SBRJ;SBKP;2645
SBBE;SBGR;2629
SBKP;SBRJ;2620
SBGL;SBKP;2592
SBKP;SBCT;2549
SBGR;SBFI;2527
SBFI;SBGR;2512
SBBR;SBGL;2511
SBKP;SBPA;2491
SBGL;SBBR;2486
SBKP;SBGL;2485
SBPA;SBKP;2480
SBGR;SBNF;2434
SBNF;SBGR;2423
SBSP;SBVT;2415
SBVT;SBSP;2396
SBGL;SBCT;2375
SBGR;SBSG;2365
SBCT;SBGL;2359
SBFZ;SBGL;2358
SBGL;SBFZ;2358
SBKP;SBRF;2356
SBSG;SBGR;2351
SBRF;SBKP;2295
SBSV;SBCF;2281
SBRF;SBCF;2241
SBSV;SBBR;2221
SBBR;SBSV;2216
SBGR;SBCG;2210
SBCG;SBGR;2205
SBCF;SBRF;2188
SBPS;SBGR;2177
SBCF;SBSV;2177
SBGR;SBPS;2161
SBSP;SBFZ;2130
SBFZ;SBSP;2127
SBGR;SBJP;2098
SBKP;SBSV;2096
SBSV;SBKP;2094
SBRF;SBFZ;2085
SBJP;SBGR;2072
SBCF;SBPS;2051
SBPS;SBCF;2046
SBFZ;SBRF;2040
SBEG;SBKP;2029
SBRF;SBSV;1995
SBSV;SBRF;1989
SBKP;SBEG;1954
SBPA;SBCT;1935
SBCT;SBPA;1926
SBSL;SBGR;1905
SBGR;SBAR;1863
SBAR;SBGR;1861
SBBR;SBFZ;1790
SBFZ;SBBR;1781
SBSP;SBPS;1744
SBPS;SBSP;1740
SBCF;SBRJ;1726
SBBR;SBEG;1724
SBRJ;SBCF;1715
SBEG;SBBR;1682
SBFN;SBRF;1659
SBRP;SBKP;1657
SBGR;SBSL;1648
SBSR;SBKP;1645
SBKP;SBSR;1643
SBKP;SBFL;1636
SBKP;SBRP;1630
SBGO;SBKP;1629
SBRF;SBFN;1627
SBCY;SBKP;1626
SBKP;SBGO;1623
SBKP;SBCY;1610
SBFL;SBKP;1605
SBVT;SBCF;1602
SBSP;SBGL;1590
SBGL;SBSP;1590
SBCF;SBVT;1563
SBBR;SBPA;1556
SBBE;SBBR;1556
SBPA;SBBR;1556
SBBR;SBBE;1551
SBKP;SBNF;1488
SBNF;SBKP;1486
SBMK;SBCF;1483
SBCF;SBMK;1482
SBFL;SBGL;1445
SBGL;SBFL;1442
SBRJ;SBGR;1435
SBGR;SBRJ;1431
SBFI;SBGL;1418
SBCF;SBGO;1410
SBGL;SBFI;1410
SBGO;SBCF;1404
SBBR;SBCT;1401
SBGR;SBTE;1400
SBCT;SBBR;1397
SBBE;SBMQ;1384
SBMQ;SBBE;1381
SBCF;SBUL;1352
SBUL;SBCF;1350
SBKP;SBVT;1336
SBGR;SBCH;1327
SBCH;SBGR;1326
SBGR;SBMG;1318
SBSV;SBFZ;1304
SBMG;SBGR;1303
SBGO;SBBR;1296
SBBE;SBEG;1294
SBBR;SBGO;1287
SBIP;SBCF;1277
SBCF;SBIP;1275
SBUL;SBKP;1267
SBKP;SBUL;1263
SBVT;SBKP;1252
SBSP;SBFI;1218
SBFI;SBSP;1218
SBCG;SBKP;1215
SBKP;SBCG;1215
SBSP;SBSR;1198
SBSR;SBSP;1197
SBRP;SBSP;1192
SBTE;SBGR;1186
SBSP;SBRP;1184
SBSP;SBMO;1152
SBKP;SBBE;1151
SBFZ;SBBE;1145
SBFZ;SBSV;1143
SBMO;SBSP;1142
SBBE;SBFZ;1141
SBJP;SBBR;1123
SBBR;SBJP;1122
SBBR;SBCY;1120
SBBR;SBMO;1107
SBCF;SBJR;1105
SBMO;SBBR;1104
SBBE;SBKP;1102
SBCY;SBBR;1099
SBJR;SBCF;1090
SBGR;SBJU;1085
SBJU;SBGR;1080
SBGR;SBPL;1069
SBCT;SBFI;1063
SBPL;SBGR;1063
SBFI;SBCT;1056
SBGR;SBLO;1055
SBTE;SBBR;1050
SBSN;SBBE;1049
SBBR;SBTE;1048
SBIL;SBGR;1046
SBLO;SBGR;1043
SBVC;SBGR;1042
SBKP;SBMG;1040
SBGR;SBVC;1039
SBMG;SBKP;1036
SBGR;SBIL;1034
SBBE;SBSN;1029
SBSP;SBCY;1024
SBEG;SBBE;1023
SBCY;SBSP;1022
SBRF;SBSG;1018
SBGO;SBRF;1012
SBSG;SBRF;1010
SBRF;SBGO;1006
SBBR;SBSL;974
SBCF;SBBE;967
SBSL;SBBR;962
SBBE;SBCF;959
SBGR;SBPJ;955
SBPJ;SBGR;951
SBGR;SBUL;945
SBUL;SBGR;943
SBBR;SBSG;942
SBSG;SBBR;938
SBNF;SBGL;930
SBSP;SBJV;929
SBJV;SBSP;928
SBCT;SBCF;926
SBSP;SBUL;926
SBUL;SBSP;924
SBGL;SBNF;924
SBMO;SBGL;920
SBGL;SBMO;912
SBCF;SBCT;909
SBCF;SBMO;907
SBMO;SBCF;902
SBGR;SBCA;884
SBCA;SBGR;883
SBPA;SBCF;881
SBCF;SBPA;876
SBJV;SBKP;875
SBKP;SBJV;874
SBFZ;SBKP;870
SBKP;SBFZ;867
SBLO;SBKP;864
SBKP;SBLO;861
SBMO;SBRF;850
SBRF;SBMO;844
SBSP;SBCG;835
SBCG;SBSP;834
SBGV;SBCF;828
SBCF;SBGV;825
SBBR;SBFL;814
SBFL;SBBR;810
SBBE;SBRF;810
SBFI;SBKP;807
SBKP;SBFI;803
SBCF;SBFZ;801
SBMO;SBKP;798
SBSG;SBGL;791
SBKP;SBMO;789
SBJP;SBGL;789
SBRF;SBAR;789
SBPS;SBKP;785
SBGL;SBJP;785
SBGL;SBSG;784
SBKP;SBPS;781
SBBV;SBBR;781
SBAR;SBRF;780
SBBR;SBBV;776
SBGR;SBJE;770
SBRF;SBBE;767
SBCT;SBMG;765
SBRB;SBBR;763
SBMG;SBCT;761
SBJE;SBGR;761
SBBR;SBRB;760
SBLO;SBSP;746
SBBR;SBPV;742
SBBR;SBPJ;736
SBSP;SBLO;736
SBMG;SBSP;735
SBPJ;SBBR;734
SBPV;SBBR;733
SBBR;SBCG;723
SBSP;SBMG;723
SBCG;SBBR;721
SBCJ;SBCF;716
SBCF;SBCJ;710
SBEG;SBSN;704
SBFZ;SBCF;702
SBGR;SBSR;700
SBSR;SBGR;698
SBGR;SBJV;694
SBJV;SBGR;693
SBKP;SBJR;692
SBKP;SBDN;679
SBVT;SBBR;676
SBCA;SBKP;675
SBBR;SBVT;673
SBAR;SBSV;672
SBJR;SBKP;670
SBDN;SBKP;668
SBKP;SBCA;666
SBCY;SBCF;659
SBFZ;SBEG;657
SBCF;SBCY;656
SBSV;SBAR;656
SBBR;SBMA;653
SBSN;SBEG;650
SBSG;SBCF;647
SBMA;SBBR;647
SBEG;SBFZ;642
SBCF;SBSG;638
SBRF;SBSL;629
SBMA;SBBE;628
SBSL;SBRF;626
SBCH;SBKP;625
SBBE;SBMA;625
SBKP;SBCH;622
SBGO;SBGL;619
SBFL;SBCF;611
SBGL;SBGO;609
SBCF;SBFL;608
SBCF;SBRP;601
SBRP;SBCF;598
SBSP;SBJP;589
SBJP;SBSP;583
SBRF;SBEG;574
SBSR;SBCF;574
SBCF;SBSR;572
SNCL;SBSV;543
SBSV;SNCL;537
SBVT;SBSV;530
SBKG;SBRF;528
SBRF;SBKG;527
SBPS;SBGL;522
SBPA;SBRF;519
SBRF;SBPA;516
SBGL;SBPS;513
SBGR;SBGR;511
SBCT;SBLO;505
SBLO;SBCT;505
SBCA;SBCT;503
SBGR;SBPF;501
SBKP;SBKP;500
SBPF;SBGR;500
SBCT;SBCA;499
SBTT;SBEG;496
SBIL;SBCF;495
SBCF;SBIL;491
SBBE;SBCJ;477
SBCF;SBVC;476
SBKP;SBAQ;472
SBRF;SBJP;471
SBJP;SBRF;470
SBVC;SBCF;470
SBSP;SBSG;468
SBAQ;SBKP;467
SBSG;SBSP;467
SBFZ;SBSL;465
SBEG;SBRF;464
SBSL;SBBE;463
SBSG;SBKP;462
SBFZ;SBTE;461
SBGL;SBAR;460
SBKP;SBSG;460
SBSL;SBFZ;458
SBTE;SBFZ;458
SBAR;SBGL;457
SBGR;SBIZ;455
SBIZ;SBGR;453
SBCJ;SBBE;452
SBBE;SBSL;452
SBAE;SBKP;450
SBKP;SBAE;448
SBPV;SBEG;447
SBGR;SBJA;443
SBJA;SBGR;441
SBPL;SBRF;436
SBGR;SBPV;434
SBRF;SBPL;433
SBEG;SBGL;432
SBEG;SBTT;430
SBEG;SBPV;428
SBPV;SBGR;426
SBGL;SBEG;424
SBMK;SBGR;423
SBGR;SBMK;423
SBSP;SBDN;421
SBSV;SBGO;418
SBDN;SBSP;417
SBGO;SBSV;415
SBJP;SBKP;415
SBGO;SBCY;414
SBKP;SBJP;414
SBJP;SBCF;414
SBCF;SBJP;414
SBIL;SBKP;407
SBBE;SBGL;403
SBSL;SBSV;403
SBVT;SBRF;401
SBKP;SBIL;400
SBSV;SBSL;400
SBCF;SBEG;399
SBEG;SBCF;397
SBGL;SBBE;397
SBSV;SBVT;397
SBKP;SBAR;395
SBAR;SBKP;390
SBZM;SBKP;389
SBKP;SBZM;388
SBCF;SBCF;388
SBPS;SBBR;384
SBCF;SBAR;383
SBAR;SBCF;383
SBFL;SBCH;382
SBSV;SBSG;382
SBRF;SBVT;382
SBCH;SBFL;381
SBBV;SBEG;381
SBSG;SBSV;381
SBBR;SBPS;380
SBKP;SBGR;379
SBSG;SBFZ;374
SBAU;SBKP;371
SBKP;SBAU;371
SBAR;SBBR;370
SBBR;SBMQ;369
SBBR;SBAR;368
SBBE;SBHT;367
SBRF;SBTE;367
SBEG;SBBV;367
SBFZ;SBSG;366
SBMQ;SBBR;364
SBKP;SBPF;363
SBSL;SBKP;363
SBTE;SBRF;363
SBKP;SBSL;363
SBHT;SBBE;362
SBPF;SBKP;362
SBSL;SBCF;361
SBBR;SBIZ;361
SBIZ;SBBR;361
SBKP;SBTE;360
SBTE;SBKP;359
SBJD;SBJD;359
SBSL;SBIZ;357
SBCF;SBUR;357
SBUR;SBCF;357
SBPJ;SBKP;355
SBIZ;SBSL;355
SBGO;SBPJ;354
SBCF;SBSL;354
SBKP;SBPJ;353
SBMO;SBSV;353
SBSP;SBIL;353
SBCX;SBGR;352
SBPJ;SBGO;352
SBGR;SBCX;350
SBIL;SBSP;350
SBSV;SBMO;350
SBTE;SBCF;347
SBCF;SBTE;346
SBJP;SBSV;345
SBCF;SNBR;345
SBKP;SBML;345
SBSV;SBJP;344
SBMA;SBCF;342
SBKP;SBPL;342
SBML;SBKP;342
SBGR;SBKP;341
SBCX;SBKP;340
SBPL;SBKP;340
SNBR;SBCF;340
SBCF;SBMA;339
SBSN;SBBR;337
SBKP;SBCX;336
SBBR;SBSN;334
SBFL;SBPA;331
SBSP;SBZM;328
SBGR;SBFN;327
SBZM;SBSP;327
SBJU;SBKP;326
SBMK;SBSP;324
SBKP;SBJU;323
SBCF;SNGI;322
SBSP;SBCX;321
SBSP;SBMK;321
SBCX;SBSP;320
SNGI;SBCF;319
SBIZ;SBCF;316
SBCH;SBSP;315
SBSP;SBCH;315
SBCF;SBIZ;315
SBPA;SBFL;312
SBCY;SBGO;305
SBEG;SWPI;302
SBCF;SBRB;301
SBFN;SBGR;299
SWPI;SBEG;298
SBPJ;SBCF;296
SBCF;SBPJ;293
SNBR;SBSV;292
SBRP;SBGR;290
SNDV;SBCF;290
SBSV;SNBR;287
SBRB;SBCF;282
SBCF;SNDV;280
SBPV;SBCF;280
SBCF;SBPV;276
SBKP;SNDV;275
SWKO;SBEG;273
SBGR;SBRP;273
SBSL;SBGL;271
SBSP;SBSP;267
SBGL;SBSL;265
SNDV;SBKP;261
SBCF;SBKG;255
SBKG;SBCF;254
SBCY;SSOU;242
SBTE;SBSL;241
SSOU;SBCY;239
SBGR;SBPK;238
SBGR;SBMQ;238
SBPK;SBGR;237
SBMQ;SBGR;237
SBTF;SBEG;230
SBEG;SBTF;228
SBBW;SBCY;216
SBCY;SBBW;214
SBKG;SBSV;207
SBSV;SBKG;206
SBJU;SBFZ;205
SBSP;SBAU;204
SBRB;SBCZ;204
SBCZ;SBRB;204
SBFZ;SBJU;203
SBAU;SBSP;202
SBFL;SBCT;201
SBKP;SBUR;201
SBSV;SBPS;201
SBUR;SBKP;201
SBRB;SBPV;198
SBCG;SBCY;196
SBRF;SBRF;196
SBEG;SWKO;196
SBCY;SBCY;194
SBCY;SBCG;189
SBMY;SBEG;185
SNVS;SBBE;183
SBPA;SBNM;183
SBCF;SNTO;182
SBNM;SBPA;181
SBPV;SBRB;180
SBPS;SBRP;179
SNTO;SBCF;179
SBGL;SBSJ;178
SBRP;SBPS;177
SBBE;SNVS;176
SBPS;SBSV;175
SBSJ;SBGL;174
SBCT;SBCY;174
SBCY;SBCT;173
SBUG;SBPA;171
SBPA;SBUG;171
SBPP;SBKP;165
SBEG;SBRB;163
SBCT;SBCG;161
SBDB;SBKP;161
SBKP;SBPP;161
SBRB;SBEG;159
SBCG;SBCT;159
SBPA;SBPK;157
SBIH;SBEG;157
SBRF;SBRP;157
SBPK;SBPA;157
SBEG;SBIH;157
SBSR;SBRF;157
SBMO;SBSG;156
SBRP;SBRF;156
SBRF;SBSR;155
SNPD;SBCF;155
SBSG;SBMO;154
SBGR;SBRB;153
SBBR;SBBR;153
SBSV;SBVC;153
SBRB;SBGR;152
SBPA;SBSM;152
SBVC;SBSV;151
SBSM;SBPA;151
SBKP;SBDB;147
SBCF;SNLN;147
SBJU;SBRF;147
SBSP;SBAR;146
SBRF;SBJU;146
SNLN;SBCF;146
SBAR;SBSP;145
SBEG;SBUA;145
SBCF;SBAX;144
SBCF;SNSS;144
SBUA;SBEG;144
SBCT;SBFL;144
SBRF;SNTS;144
SBCY;SBGL;144
SBCN;SBSP;143
SBSP;SBCN;143
SBUL;SBRF;143
SBCF;SBVG;142
SBRF;SBUL;142
SBVG;SBCF;142
SBKP;SBSP;141
SBGR;SBNM;141
SNSS;SBCF;140
SBKP;SBCR;139
SBNM;SBGR;138
SBGL;SBGL;138
SNGI;SBSV;137
SBGL;SBCY;137
SBUL;SBPS;136
SBGO;SBMO;135
SBMO;SBGO;135
SBSV;SNGI;134
SBPS;SBUL;134
SNTS;SBRF;134
SBMO;SBSR;132
SBSR;SBMO;130
SBCT;SBCT;129
SBAT;SBKP;128
SBSJ;SBKP;127
SBKP;SBAT;127
SSGY;SBCT;126
SBCT;SSGY;126
SBCR;SBKP;126
SBCF;SBJE;125
SSUM;SBCT;124
SBDB;SBSP;124
SBCY;SBPV;124
SBSP;SBDB;124
SBPV;SBCY;124
SBCT;SSUM;122
SBGR;SBSP;122
SBCJ;SDOW;121
SBCF;SNPD;121
SBMO;SBUL;120
SDSC;SBGR;120
SBGO;SBPS;119
SBPS;SBGO;119
SDOW;SBCJ;118
SBUL;SBMO;118
SBSV;SBIL;116
SBGR;SDSC;116
SBMO;SBRP;116
SBRP;SBMO;116
SBRJ;SBRJ;111
SBEG;SBMY;111
SBAX;SBCF;110
SBSR;SBPS;109
SBPS;SBSR;109
SBFZ;SBUL;108
SBUL;SBFZ;107
SBSM;SBKP;105
SBKP;SBSM;104
SBJE;SBCF;103
SBRF;SNHS;102
SNEB;SBBE;100
SBBE;SBTU;99
SBAT;SBCY;98
SBCY;SBAT;98
SBBE;SBMD;97
SBSV;SBLE;97
SBIL;SBSV;97
SBJD;SBKP;97
SBLE;SBSV;97
SJZA;SBRF;96
SBEG;SBEG;95
SBEG;SWMW;95
SNAB;SBRF;94
SBAX;SNPD;93
SBBE;SNEB;93
SNHS;SBRF;93
SBKP;SIMK;93
SBCT;SSGG;92
SBTB;SBEG;92
SSGG;SBCT;91
SBCF;SNJM;91
SBTU;SBBE;91
SBSN;SBTB;91
SNJM;SBCF;90
SNZR;SBCF;90
SBMD;SBBE;90
SBEG;SWLB;90
SBCF;SNZR;89
SBRF;SNAB;88
SBCT;SSVL;87
SBEG;SWYN;86
SBCT;SBSV;86
SSVL;SBCT;85
SIMK;SBKP;85
SBRF;SJZA;85
SBKP;SBJD;85
SWYN;SBMY;85
SBPA;SBPA;85
SBVH;SBKP;84
SBKP;SBVH;84
SWLB;SWKO;84
SNMZ;SBBE;84
SBBE;SNMZ;84
SBSV;SBCT;83
SBPA;SBSV;83
SWBR;SBEG;82
SBKP;SSKW;81
SSKW;SBKP;81
SBSV;SBPA;81
SBOI;SBBE;79
SBBE;SNSM;78
SBKP;SBPK;78
SNSM;SBBE;78
SBPK;SBKP;77
SBRJ;SBPS;76
SBPS;SBRJ;76
SBBE;SBBE;75
SNGN;SBRF;70
SBBE;SBBV;69
SBRF;SNRU;69
SBBV;SBBE;68
SBCB;SBCF;68
SBCF;SBCB;67
SBSP;SBIP;66
SBIP;SBSP;66
SBBR;SBFI;66
SBFZ;SBFZ;66
SBFI;SBBR;66
SBEG;SWEI;65
SWEI;SBTT;65
SWMW;SBEG;65
SBJA;SBKP;65
SBRJ;SBSV;64
SBSP;SBUR;64
SBPS;SBDN;64
SBUR;SBSP;64
SBFI;SBCF;64
SBKP;SBJA;64
SBRF;SNGN;64
SBKP;SWLC;64
SBDN;SBPS;64
SBBE;SBOI;63
SNRU;SBRF;63
SBZM;SBGR;63
SWLC;SBKP;63
SBCT;SSUV;62
SBSV;SBRJ;62
SBGR;SBZM;62
SBCF;SBFI;61
SBSG;SBSR;60
SBKP;SBCP;60
SBCP;SBKP;60
SSUV;SBCT;60
SWBC;SBEG;59
SBEG;SWBC;59
SBTC;SBSP;59
SBSP;SBTC;59
SNPD;SBAX;59
SBJP;SBUL;58
SBUL;SBJP;58
SBSR;SBSG;58
SBAE;SBPS;57
SBDN;SBGR;57
SBSR;SBCY;57
SBPS;SBAE;57
SBGR;SBDN;56
SBDN;SBSG;55
SBSG;SBRP;55
SBUL;SBSG;55
SBCJ;SBSL;54
SBSG;SBDN;54
SBRP;SBSG;54
SBSG;SBUL;54
SBTC;SBCF;54
SBCY;SBSR;54
SBBH;SBCF;53
SBCF;SBTC;53
SBEG;SWBR;53
SBMQ;SBOI;53
SBSL;SBCJ;53
SBKP;SNCP;52
SBEG;SBTB;52
