rodada,grupo,mandante,visitante
1,A1,MANAUS,GAS
1,A1,MONTE RORAIMA,NACIONAL
1,A1,SÃO RAIMUNDO,MANAUARA
1,A10,JUAZEIRENSE,CSE
1,A10,ASA,JACUIPENSE
1,A10,CSA,ATLÉTICO DE ALAGOINHAS
1,A11,ABECAT OUVIDORENSE,UBERLÂNDIA
1,A11,OPERÁRIO,BETIM FUTEBOL
1,A11,IVINHEMA,CRAC
1,A12,PORTO,RIO BRANCO
1,A12,VITÓRIA,TOMBENSE
1,A12,DEMOCRATA,REAL NOROESTE
1,A13,ÁGUA SANTA,AMERICA
1,A13,POUSO ALEGRE,MADUREIRA
1,A13,PORTUGUESA,PORTUGUESA-SP
1,A14,MARICÁ,VELO CLUBE
1,A14,XV DE PIRACICABA,NOVA IGUAÇU
1,A14,SAMPAIO CORREA,NOROESTE
1,A15,JOINVILLE,SÃO LUIZ
1,A15,CASCAVEL,SANTA CATARINA
1,A15,CIANORTE,GUARANY DE BAGÉ
1,A16,SÃO JOSÉ,BLUMENAU
1,A16,BRASIL,AZURIZ FUTEBOL
1,A16,MARCÍLIO DIAS,SÃO JOSEENSE
1,A2,GUAPORÉ,INDEPENDÊNCIA
1,A2,GALVEZ,ARAGUAÍNA
1,A2,HUMAITÁ,GAZIN PORTO VELHO
1,A3,APARECIDENSE,GAMA
1,A3,INHUMAS,LUVERDENSE
1,A3,BRASILIENSE,PRIMAVERA
1,A4,UNIÃO RONDONÓPOLIS,CAPITAL CF
1,A4,CEILÂNDIA,MIXTO
1,A4,CEOV OPERÁRIO,GOIATUBA
1,A5,AGUIA DE MARABA,TREM
1,A5,TUNA LUSO,IMPERATRIZ
1,A5,ORATÓRIO,TOCANTINÓPOLIS
1,A6,IAPE,MARACANÃ
1,A6,IGUATU,SAMPAIO CORRÊA
1,A6,MOTO CLUB,PARNAHYBA
1,A7,TIROL,PIAUÍ
1,A7,FLUMINENSE,FERROVIÁRIO
1,A7,ATLÉTICO CEARENSE,ALTOS
1,A8,MAGUARY,ABC
1,A8,AMÉRICA,SOUSA
1,A8,LAGUNA,CENTRAL
1,A9,TREZE,RETRÔ
1,A9,DECISÃO,LAGARTO
1,A9,SERRA BRANCA,SERGIPE
2,A1,MANAUARA,MONTE RORAIMA
2,A1,NACIONAL,MANAUS
2,A1,GAS,SÃO RAIMUNDO
2,A10,JACUIPENSE,CSA
2,A10,CSE,ASA
2,A10,ATLÉTICO DE ALAGOINHAS,JUAZEIRENSE
2,A11,BETIM FUTEBOL,ABECAT OUVIDORENSE
2,A11,UBERLÂNDIA,IVINHEMA
2,A11,CRAC,OPERÁRIO
2,A12,REAL NOROESTE,VITÓRIA
2,A12,TOMBENSE,PORTO
2,A12,RIO BRANCO,DEMOCRATA
2,A13,AMERICA,PORTUGUESA
2,A13,MADUREIRA,ÁGUA SANTA
2,A13,PORTUGUESA-SP,POUSO ALEGRE
2,A14,NOROESTE,XV DE PIRACICABA
2,A14,VELO CLUBE,SAMPAIO CORREA
2,A14,NOVA IGUAÇU,MARICÁ
2,A15,SÃO LUIZ,CASCAVEL
2,A15,SANTA CATARINA,CIANORTE
2,A15,GUARANY DE BAGÉ,JOINVILLE
2,A16,AZURIZ FUTEBOL,MARCÍLIO DIAS
2,A16,SÃO JOSEENSE,SÃO JOSÉ
2,A16,BLUMENAU,BRASIL
2,A2,ARAGUAÍNA,GUAPORÉ
2,A2,GAZIN PORTO VELHO,GALVEZ
2,A2,INDEPENDÊNCIA,HUMAITÁ
2,A3,LUVERDENSE,BRASILIENSE
2,A3,GAMA,INHUMAS
2,A3,PRIMAVERA,APARECIDENSE
2,A4,MIXTO,UNIÃO RONDONÓPOLIS
2,A4,GOIATUBA,CEILÂNDIA
2,A4,CAPITAL CF,CEOV OPERÁRIO
2,A5,TOCANTINÓPOLIS,AGUIA DE MARABA
2,A5,IMPERATRIZ,ORATÓRIO
2,A5,TREM,TUNA LUSO
2,A6,SAMPAIO CORRÊA,IAPE
2,A6,MARACANÃ,MOTO CLUB
2,A6,PARNAHYBA,IGUATU
2,A7,PIAUÍ,ATLÉTICO CEARENSE
2,A7,FERROVIÁRIO,TIROL
2,A7,ALTOS,FLUMINENSE
2,A8,CENTRAL,AMÉRICA
2,A8,ABC,LAGUNA
2,A8,SOUSA,MAGUARY
2,A9,LAGARTO,TREZE
2,A9,SERGIPE,DECISÃO
2,A9,RETRÔ,SERRA BRANCA
3,A1,NACIONAL,GAS
3,A1,SÃO RAIMUNDO,MONTE RORAIMA
3,A1,MANAUS,MANAUARA
3,A10,JUAZEIRENSE,JACUIPENSE
3,A10,ATLÉTICO DE ALAGOINHAS,CSE
3,A10,ASA,CSA
3,A11,UBERLÂNDIA,CRAC
3,A11,OPERÁRIO,ABECAT OUVIDORENSE
3,A11,IVINHEMA,BETIM FUTEBOL
3,A12,PORTO,DEMOCRATA
3,A12,VITÓRIA,RIO BRANCO
3,A12,REAL NOROESTE,TOMBENSE
3,A13,AMERICA,PORTUGUESA-SP
3,A13,POUSO ALEGRE,ÁGUA SANTA
3,A13,PORTUGUESA,MADUREIRA
3,A14,MARICÁ,SAMPAIO CORREA
3,A14,NOROESTE,NOVA IGUAÇU
3,A14,XV DE PIRACICABA,VELO CLUBE
3,A15,SÃO LUIZ,SANTA CATARINA
3,A15,CASCAVEL,GUARANY DE BAGÉ
3,A15,CIANORTE,JOINVILLE
3,A16,BLUMENAU,AZURIZ FUTEBOL
3,A16,MARCÍLIO DIAS,SÃO JOSÉ
3,A16,BRASIL,SÃO JOSEENSE
3,A2,GUAPORÉ,HUMAITÁ
3,A2,GALVEZ,INDEPENDÊNCIA
3,A2,GAZIN PORTO VELHO,ARAGUAÍNA
3,A3,INHUMAS,BRASILIENSE
3,A3,APARECIDENSE,LUVERDENSE
3,A3,PRIMAVERA,GAMA
3,A4,CEILÂNDIA,UNIÃO RONDONÓPOLIS
3,A4,CEOV OPERÁRIO,MIXTO
3,A4,CAPITAL CF,GOIATUBA
3,A5,TUNA LUSO,ORATÓRIO
3,A5,TOCANTINÓPOLIS,TREM
3,A5,AGUIA DE MARABA,IMPERATRIZ
3,A6,IGUATU,IAPE
3,A6,MARACANÃ,PARNAHYBA
3,A6,MOTO CLUB,SAMPAIO CORRÊA
3,A7,TIROL,ATLÉTICO CEARENSE
3,A7,ALTOS,FERROVIÁRIO
3,A7,FLUMINENSE,PIAUÍ
3,A8,MAGUARY,LAGUNA
3,A8,CENTRAL,SOUSA
3,A8,AMÉRICA,ABC
3,A9,LAGARTO,RETRÔ
3,A9,SERRA BRANCA,DECISÃO
3,A9,TREZE,SERGIPE
4,A1,MANAUARA,NACIONAL
4,A1,MANAUS,SÃO RAIMUNDO
4,A1,MONTE RORAIMA,GAS
4,A10,CSA,CSE
4,A10,JUAZEIRENSE,ASA
4,A10,JACUIPENSE,ATLÉTICO DE ALAGOINHAS
4,A11,ABECAT OUVIDORENSE,CRAC
4,A11,BETIM FUTEBOL,UBERLÂNDIA
4,A11,IVINHEMA,OPERÁRIO
4,A12,VITÓRIA,PORTO
4,A12,DEMOCRATA,TOMBENSE
4,A12,RIO BRANCO,REAL NOROESTE
4,A13,ÁGUA SANTA,PORTUGUESA-SP
4,A13,MADUREIRA,AMERICA
4,A13,PORTUGUESA,POUSO ALEGRE
4,A14,VELO CLUBE,NOROESTE
4,A14,XV DE PIRACICABA,MARICÁ
4,A14,SAMPAIO CORREA,NOVA IGUAÇU
4,A15,JOINVILLE,SANTA CATARINA
4,A15,GUARANY DE BAGÉ,SÃO LUIZ
4,A15,CASCAVEL,CIANORTE
4,A16,MARCÍLIO DIAS,BLUMENAU
4,A16,SÃO JOSÉ,BRASIL
4,A16,AZURIZ FUTEBOL,SÃO JOSEENSE
4,A2,GUAPORÉ,GAZIN PORTO VELHO
4,A2,ARAGUAÍNA,INDEPENDÊNCIA
4,A2,HUMAITÁ,GALVEZ
4,A3,APARECIDENSE,INHUMAS
4,A3,LUVERDENSE,PRIMAVERA
4,A3,BRASILIENSE,GAMA
4,A4,CEILÂNDIA,CAPITAL CF
4,A4,GOIATUBA,MIXTO
4,A4,UNIÃO RONDONÓPOLIS,CEOV OPERÁRIO
4,A5,AGUIA DE MARABA,TUNA LUSO
4,A5,IMPERATRIZ,TOCANTINÓPOLIS
4,A5,ORATÓRIO,TREM
4,A6,IAPE,MOTO CLUB
4,A6,IGUATU,MARACANÃ
4,A6,PARNAHYBA,SAMPAIO CORRÊA
4,A7,FLUMINENSE,TIROL
4,A7,ATLÉTICO CEARENSE,FERROVIÁRIO
4,A7,PIAUÍ,ALTOS
4,A8,SOUSA,ABC
4,A8,MAGUARY,CENTRAL
4,A8,LAGUNA,AMÉRICA
4,A9,SERGIPE,LAGARTO
4,A9,TREZE,SERRA BRANCA
4,A9,DECISÃO,RETRÔ
5,A1,NACIONAL,SÃO RAIMUNDO
5,A1,MONTE RORAIMA,MANAUS
5,A1,GAS,MANAUARA
5,A10,CSA,JUAZEIRENSE
5,A10,ATLÉTICO DE ALAGOINHAS,ASA
5,A10,CSE,JACUIPENSE
5,A11,ABECAT OUVIDORENSE,IVINHEMA
5,A11,UBERLÂNDIA,OPERÁRIO
5,A11,CRAC,BETIM FUTEBOL
5,A12,REAL NOROESTE,PORTO
5,A12,TOMBENSE,RIO BRANCO
5,A12,DEMOCRATA,VITÓRIA
5,A13,AMERICA,POUSO ALEGRE
5,A13,ÁGUA SANTA,PORTUGUESA
5,A13,PORTUGUESA-SP,MADUREIRA
5,A14,NOROESTE,MARICÁ
5,A14,SAMPAIO CORREA,XV DE PIRACICABA
5,A14,NOVA IGUAÇU,VELO CLUBE
5,A15,SANTA CATARINA,GUARANY DE BAGÉ
5,A15,JOINVILLE,CASCAVEL
5,A15,SÃO LUIZ,CIANORTE
5,A16,SÃO JOSEENSE,BLUMENAU
5,A16,BRASIL,MARCÍLIO DIAS
5,A16,AZURIZ FUTEBOL,SÃO JOSÉ
5,A2,INDEPENDÊNCIA,GAZIN PORTO VELHO
5,A2,ARAGUAÍNA,HUMAITÁ
5,A2,GALVEZ,GUAPORÉ
5,A3,GAMA,LUVERDENSE
5,A3,BRASILIENSE,APARECIDENSE
5,A3,PRIMAVERA,INHUMAS
5,A4,MIXTO,CAPITAL CF
5,A4,GOIATUBA,UNIÃO RONDONÓPOLIS
5,A4,CEOV OPERÁRIO,CEILÂNDIA
5,A5,TOCANTINÓPOLIS,TUNA LUSO
5,A5,ORATÓRIO,AGUIA DE MARABA
5,A5,TREM,IMPERATRIZ
5,A6,MOTO CLUB,IGUATU
5,A6,PARNAHYBA,IAPE
5,A6,SAMPAIO CORRÊA,MARACANÃ
5,A7,ALTOS,TIROL
5,A7,ATLÉTICO CEARENSE,FLUMINENSE
5,A7,FERROVIÁRIO,PIAUÍ
5,A8,ABC,CENTRAL
5,A8,SOUSA,LAGUNA
5,A8,AMÉRICA,MAGUARY
5,A9,LAGARTO,SERRA BRANCA
5,A9,RETRÔ,SERGIPE
5,A9,DECISÃO,TREZE
6,A1,MANAUS,MONTE RORAIMA
6,A1,SÃO RAIMUNDO,NACIONAL
6,A1,MANAUARA,GAS
6,A10,JUAZEIRENSE,CSA
6,A10,JACUIPENSE,CSE
6,A10,ASA,ATLÉTICO DE ALAGOINHAS
6,A11,BETIM FUTEBOL,CRAC
6,A11,OPERÁRIO,UBERLÂNDIA
6,A11,IVINHEMA,ABECAT OUVIDORENSE
6,A12,PORTO,REAL NOROESTE
6,A12,VITÓRIA,DEMOCRATA
6,A12,RIO BRANCO,TOMBENSE
6,A13,MADUREIRA,PORTUGUESA-SP
6,A13,POUSO ALEGRE,AMERICA
6,A13,PORTUGUESA,ÁGUA SANTA
6,A14,MARICÁ,NOROESTE
6,A14,XV DE PIRACICABA,SAMPAIO CORREA
6,A14,VELO CLUBE,NOVA IGUAÇU
6,A15,GUARANY DE BAGÉ,SANTA CATARINA
6,A15,CASCAVEL,JOINVILLE
6,A15,CIANORTE,SÃO LUIZ
6,A16,BLUMENAU,SÃO JOSEENSE
6,A16,MARCÍLIO DIAS,BRASIL
6,A16,SÃO JOSÉ,AZURIZ FUTEBOL
6,A2,GAZIN PORTO VELHO,INDEPENDÊNCIA
6,A2,GUAPORÉ,GALVEZ
6,A2,HUMAITÁ,ARAGUAÍNA
6,A3,APARECIDENSE,BRASILIENSE
6,A3,LUVERDENSE,GAMA
6,A3,INHUMAS,PRIMAVERA
6,A4,CAPITAL CF,MIXTO
6,A4,CEILÂNDIA,CEOV OPERÁRIO
6,A4,UNIÃO RONDONÓPOLIS,GOIATUBA
6,A5,TUNA LUSO,TOCANTINÓPOLIS
6,A5,AGUIA DE MARABA,ORATÓRIO
6,A5,IMPERATRIZ,TREM
6,A6,MARACANÃ,SAMPAIO CORRÊA
6,A6,IAPE,PARNAHYBA
6,A6,IGUATU,MOTO CLUB
6,A7,TIROL,ALTOS
6,A7,FLUMINENSE,ATLÉTICO CEARENSE
6,A7,PIAUÍ,FERROVIÁRIO
6,A8,LAGUNA,SOUSA
6,A8,MAGUARY,AMÉRICA
6,A8,CENTRAL,ABC
6,A9,SERRA BRANCA,LAGARTO
6,A9,SERGIPE,RETRÔ
6,A9,TREZE,DECISÃO
7,A1,NACIONAL,MANAUARA
7,A1,GAS,MONTE RORAIMA
7,A1,SÃO RAIMUNDO,MANAUS
7,A10,ASA,JUAZEIRENSE
7,A10,ATLÉTICO DE ALAGOINHAS,JACUIPENSE
7,A10,CSE,CSA
7,A11,OPERÁRIO,IVINHEMA
7,A11,CRAC,ABECAT OUVIDORENSE
7,A11,UBERLÂNDIA,BETIM FUTEBOL
7,A12,PORTO,VITÓRIA
7,A12,REAL NOROESTE,RIO BRANCO
7,A12,TOMBENSE,DEMOCRATA
7,A13,AMERICA,MADUREIRA
7,A13,PORTUGUESA-SP,ÁGUA SANTA
7,A13,POUSO ALEGRE,PORTUGUESA
7,A14,MARICÁ,XV DE PIRACICABA
7,A14,NOVA IGUAÇU,SAMPAIO CORREA
7,A14,NOROESTE,VELO CLUBE
7,A15,SANTA CATARINA,JOINVILLE
7,A15,SÃO LUIZ,GUARANY DE BAGÉ
7,A15,CIANORTE,CASCAVEL
7,A16,BLUMENAU,MARCÍLIO DIAS
7,A16,BRASIL,SÃO JOSÉ
7,A16,SÃO JOSEENSE,AZURIZ FUTEBOL
7,A2,GALVEZ,HUMAITÁ
7,A2,GAZIN PORTO VELHO,GUAPORÉ
7,A2,INDEPENDÊNCIA,ARAGUAÍNA
7,A3,GAMA,BRASILIENSE
7,A3,INHUMAS,APARECIDENSE
7,A3,PRIMAVERA,LUVERDENSE
7,A4,CEOV OPERÁRIO,UNIÃO RONDONÓPOLIS
7,A4,MIXTO,GOIATUBA
7,A4,CAPITAL CF,CEILÂNDIA
7,A5,TOCANTINÓPOLIS,IMPERATRIZ
7,A5,TUNA LUSO,AGUIA DE MARABA
7,A5,TREM,ORATÓRIO
7,A6,MARACANÃ,IGUATU
7,A6,MOTO CLUB,IAPE
7,A6,SAMPAIO CORRÊA,PARNAHYBA
7,A7,TIROL,FLUMINENSE
7,A7,ALTOS,PIAUÍ
7,A7,FERROVIÁRIO,ATLÉTICO CEARENSE
7,A8,ABC,SOUSA
7,A8,CENTRAL,MAGUARY
7,A8,AMÉRICA,LAGUNA
7,A9,SERRA BRANCA,TREZE
7,A9,LAGARTO,SERGIPE
7,A9,RETRÔ,DECISÃO
8,A1,GAS,NACIONAL
8,A1,MANAUARA,MANAUS
8,A1,MONTE RORAIMA,SÃO RAIMUNDO
8,A10,CSA,ASA
8,A10,CSE,ATLÉTICO DE ALAGOINHAS
8,A10,JACUIPENSE,JUAZEIRENSE
8,A11,BETIM FUTEBOL,IVINHEMA
8,A11,ABECAT OUVIDORENSE,OPERÁRIO
8,A11,CRAC,UBERLÂNDIA
8,A12,TOMBENSE,REAL NOROESTE
8,A12,RIO BRANCO,VITÓRIA
8,A12,DEMOCRATA,PORTO
8,A13,PORTUGUESA-SP,AMERICA
8,A13,MADUREIRA,PORTUGUESA
8,A13,ÁGUA SANTA,POUSO ALEGRE
8,A14,NOVA IGUAÇU,NOROESTE
8,A14,SAMPAIO CORREA,MARICÁ
8,A14,VELO CLUBE,XV DE PIRACICABA
8,A15,SANTA CATARINA,SÃO LUIZ
8,A15,JOINVILLE,CIANORTE
8,A15,GUARANY DE BAGÉ,CASCAVEL
8,A16,AZURIZ FUTEBOL,BLUMENAU
8,A16,SÃO JOSEENSE,BRASIL
8,A16,SÃO JOSÉ,MARCÍLIO DIAS
8,A2,HUMAITÁ,GUAPORÉ
8,A2,ARAGUAÍNA,GAZIN PORTO VELHO
8,A2,INDEPENDÊNCIA,GALVEZ
8,A3,GAMA,PRIMAVERA
8,A3,BRASILIENSE,INHUMAS
8,A3,LUVERDENSE,APARECIDENSE
8,A4,UNIÃO RONDONÓPOLIS,CEILÂNDIA
8,A4,MIXTO,CEOV OPERÁRIO
8,A4,GOIATUBA,CAPITAL CF
8,A5,TREM,TOCANTINÓPOLIS
8,A5,IMPERATRIZ,AGUIA DE MARABA
8,A5,ORATÓRIO,TUNA LUSO
8,A6,IAPE,IGUATU
8,A6,PARNAHYBA,MARACANÃ
8,A6,SAMPAIO CORRÊA,MOTO CLUB
8,A7,PIAUÍ,FLUMINENSE
8,A7,FERROVIÁRIO,ALTOS
8,A7,ATLÉTICO CEARENSE,TIROL
8,A8,SOUSA,CENTRAL
8,A8,ABC,AMÉRICA
8,A8,LAGUNA,MAGUARY
8,A9,SERGIPE,TREZE
8,A9,DECISÃO,SERRA BRANCA
8,A9,RETRÔ,LAGARTO
9,A1,SÃO RAIMUNDO,GAS
9,A1,MONTE RORAIMA,MANAUARA
9,A1,MANAUS,NACIONAL
9,A10,ASA,CSE
9,A10,JUAZEIRENSE,ATLÉTICO DE ALAGOINHAS
9,A10,CSA,JACUIPENSE
9,A11,ABECAT OUVIDORENSE,BETIM FUTEBOL
9,A11,OPERÁRIO,CRAC
9,A11,IVINHEMA,UBERLÂNDIA
9,A12,PORTO,TOMBENSE
9,A12,VITÓRIA,REAL NOROESTE
9,A12,DEMOCRATA,RIO BRANCO
9,A13,POUSO ALEGRE,PORTUGUESA-SP
9,A13,ÁGUA SANTA,MADUREIRA
9,A13,PORTUGUESA,AMERICA
9,A14,XV DE PIRACICABA,NOROESTE
9,A14,MARICÁ,NOVA IGUAÇU
9,A14,SAMPAIO CORREA,VELO CLUBE
9,A15,JOINVILLE,GUARANY DE BAGÉ
9,A15,CASCAVEL,SÃO LUIZ
9,A15,CIANORTE,SANTA CATARINA
9,A16,BRASIL,BLUMENAU
9,A16,SÃO JOSÉ,SÃO JOSEENSE
9,A16,MARCÍLIO DIAS,AZURIZ FUTEBOL
9,A2,GALVEZ,GAZIN PORTO VELHO
9,A2,GUAPORÉ,ARAGUAÍNA
9,A2,HUMAITÁ,INDEPENDÊNCIA
9,A3,APARECIDENSE,PRIMAVERA
9,A3,BRASILIENSE,LUVERDENSE
9,A3,INHUMAS,GAMA
9,A4,CEILÂNDIA,GOIATUBA
9,A4,CEOV OPERÁRIO,CAPITAL CF
9,A4,UNIÃO RONDONÓPOLIS,MIXTO
9,A5,AGUIA DE MARABA,TOCANTINÓPOLIS
9,A5,ORATÓRIO,IMPERATRIZ
9,A5,TUNA LUSO,TREM
9,A6,IGUATU,PARNAHYBA
9,A6,MOTO CLUB,MARACANÃ
9,A6,IAPE,SAMPAIO CORRÊA
9,A7,FLUMINENSE,ALTOS
9,A7,ATLÉTICO CEARENSE,PIAUÍ
9,A7,TIROL,FERROVIÁRIO
9,A8,AMÉRICA,CENTRAL
9,A8,LAGUNA,ABC
9,A8,MAGUARY,SOUSA
9,A9,TREZE,LAGARTO
9,A9,DECISÃO,SERGIPE
9,A9,SERRA BRANCA,RETRÔ
10,A1,GAS,MANAUS
10,A1,NACIONAL,MONTE RORAIMA
10,A1,MANAUARA,SÃO RAIMUNDO
10,A10,JACUIPENSE,ASA
10,A10,CSE,JUAZEIRENSE
10,A10,ATLÉTICO DE ALAGOINHAS,CSA
10,A11,CRAC,IVINHEMA
10,A11,BETIM FUTEBOL,OPERÁRIO
10,A11,UBERLÂNDIA,ABECAT OUVIDORENSE
10,A12,RIO BRANCO,PORTO
10,A12,TOMBENSE,VITÓRIA
10,A12,REAL NOROESTE,DEMOCRATA
10,A13,AMERICA,ÁGUA SANTA
10,A13,MADUREIRA,POUSO ALEGRE
10,A13,PORTUGUESA-SP,PORTUGUESA
10,A14,NOVA IGUAÇU,XV DE PIRACICABA
10,A14,NOROESTE,SAMPAIO CORREA
10,A14,VELO CLUBE,MARICÁ
10,A15,GUARANY DE BAGÉ,CIANORTE
10,A15,SANTA CATARINA,CASCAVEL
10,A15,SÃO LUIZ,JOINVILLE
10,A16,BLUMENAU,SÃO JOSÉ
10,A16,SÃO JOSEENSE,MARCÍLIO DIAS
10,A16,AZURIZ FUTEBOL,BRASIL
10,A2,GAZIN PORTO VELHO,HUMAITÁ
10,A2,INDEPENDÊNCIA,GUAPORÉ
10,A2,ARAGUAÍNA,GALVEZ
10,A3,PRIMAVERA,BRASILIENSE
10,A3,LUVERDENSE,INHUMAS
10,A3,GAMA,APARECIDENSE
10,A4,MIXTO,CEILÂNDIA
10,A4,CAPITAL CF,UNIÃO RONDONÓPOLIS
10,A4,GOIATUBA,CEOV OPERÁRIO
10,A5,IMPERATRIZ,TUNA LUSO
10,A5,TOCANTINÓPOLIS,ORATÓRIO
10,A5,TREM,AGUIA DE MARABA
10,A6,MARACANÃ,IAPE
10,A6,SAMPAIO CORRÊA,IGUATU
10,A6,PARNAHYBA,MOTO CLUB
10,A7,FERROVIÁRIO,FLUMINENSE
10,A7,PIAUÍ,TIROL
10,A7,ALTOS,ATLÉTICO CEARENSE
10,A8,CENTRAL,LAGUNA
10,A8,SOUSA,AMÉRICA
10,A8,ABC,MAGUARY
10,A9,LAGARTO,DECISÃO
10,A9,RETRÔ,TREZE
10,A9,SERGIPE,SERRA BRANCA
