estado;clube;clube_canonical;cidade;latitude;longitude
acre;ADESG;ADESG;;;
acre;ANDIRÁ;ANDIRÁ;;;
acre;ATLÉTICO;ATLÉTICO;;;
acre;GALVEZ;GALVEZ;;;
acre;HUMAITÁ;HUMAITÁ;;;
acre;INDEPENDÊNCIA;INDEPENDÊNCIA;;;
acre;NÁUAS;NÁUAS;;;
acre;PLÁCIDO DE CASTRO;PLÁCIDO DE CASTRO;;;
acre;RIO BRANCO;RIO BRANCO;;;
acre;SANTA CRUZ;SANTA CRUZ;;;
acre;SÃO FRANCISCO;SÃO FRANCISCO;;;
acre;VASCO DA GAMA;VASCO DA GAMA;;;
alagoas;AGRIMAQ JEQUIAENSE;AGRIMAQ JEQUIAENSE;;;
alagoas;ASA;ASA;;;
alagoas;CEO;CEO;;;
alagoas;CORURIPE;CORURIPE;;;
alagoas;CRB;CRB;;;
alagoas;CRB B;CRB B;;;
alagoas;CRUZEIRO;CRUZEIRO;;;
alagoas;CSA;CSA;;;
alagoas;CSA B;CSA B;;;
alagoas;CSE;CSE;;;
alagoas;DESPORTIVO ALIANÇA;DESPORTIVO ALIANÇA;;;
alagoas;DIMENSÃO SAÚDE;DIMENSÃO SAÚDE;;;
alagoas;DÍNAMO;DÍNAMO;;;
alagoas;FF SPORT;FF SPORT;;;
alagoas;GUARANY;GUARANY;;;
alagoas;IGACI;IGACI;;;
alagoas;JACIOBÁ;JACIOBÁ;;;
alagoas;MIGUELENSE;MIGUELENSE;;;
alagoas;MURICI;MURICI;;;
alagoas;PENEDENSE;PENEDENSE;;;
alagoas;SÃO DOMINGOS;SÃO DOMINGOS;;;
alagoas;ZUMBI;ZUMBI;;;
amapa;ADEC;ADEC;;;
amapa;BARE;BARE;;;
amapa;CANÁRIO;CANÁRIO;;;
amapa;CRISTAL;CRISTAL;;;
amapa;CRUZEIRO;CRUZEIRO;;;
amapa;INDEPENDENTE;INDEPENDENTE;;;
amapa;LAGOA;LAGOA;;;
amapa;LATITUDE ZERO;LATITUDE ZERO;;;
amapa;MACAPÁ;MACAPÁ;;;
amapa;MAZAGÃO;MAZAGÃO;;;
amapa;ORATÓRIO;ORATÓRIO;;;
amapa;PORTUGUESA;PORTUGUESA;;;
amapa;RENOVAÇÃO;RENOVAÇÃO;;;
amapa;SANTANA;SANTANA;;;
amapa;SANTOS;SANTOS;;;
amapa;SÃO JOSÉ;SÃO JOSÉ;;;
amapa;SÃO PAULO;SÃO PAULO;;;
amapa;TREM;TREM;;;
amapa;YPIRANGA;YPIRANGA;;;
amazonas;ALVORADA;ALVORADA;;;
amazonas;AMAZONAS;AMAZONAS;;;
amazonas;ATLÉTICO AMAZONENSE;ATLÉTICO AMAZONENSE;;;
amazonas;CDC DA AMAZÔNIA;CDC DA AMAZÔNIA;;;
amazonas;CLIPER;CLIPER;;;
amazonas;FAST CLUBE;FAST CLUBE;;;
amazonas;IRANDUBA;IRANDUBA;;;
amazonas;ITACOATIARA;ITACOATIARA;;;
amazonas;JC FUTEBOL CLUBE;JC FUTEBOL CLUBE;;;
amazonas;LIBRADE;LIBRADE;;;
amazonas;MANAUARA;MANAUARA;;;
amazonas;MANAUS;MANAUS;;;
amazonas;NACIONAL;NACIONAL;;;
amazonas;OPERÁRIO;OPERÁRIO;;;
amazonas;PARINTINS;PARINTINS;;;
amazonas;PENAROL;PENAROL;;;
amazonas;PRINCESA;PRINCESA;;;
amazonas;PRINCESA DO SOLIMÕES;PRINCESA DO SOLIMÕES;;;
amazonas;RB DO NORTE;RB DO NORTE;;;
amazonas;RIO NEGRO;RIO NEGRO;;;
amazonas;SETE;SETE;;;
amazonas;SUL AMÉRICA;SUL AMÉRICA;;;
amazonas;SÃO RAIMUNDO;SÃO RAIMUNDO;;;
amazonas;TARUMÃ;TARUMÃ;;;
bahia;ATLÉTICO;ATLÉTICO;;;
bahia;BAHIA;BAHIA;;;
bahia;BAHIA DE FEIRA;BAHIA DE FEIRA;;;
bahia;BARCELONA DE ILHÉUS;BARCELONA DE ILHÉUS;;;
bahia;BOTAFOGO;BOTAFOGO;;;
bahia;CAMAÇARI;CAMAÇARI;;;
bahia;CAMAÇARIENSE;CAMAÇARIENSE;;;
bahia;CANAÃ;CANAÃ;;;
bahia;COLO COLO;COLO COLO;;;
bahia;DOCE MEL;DOCE MEL;;;
bahia;FEIRENSE;FEIRENSE;;;
bahia;FLAMENGO DE GUANAMBI;FLAMENGO DE GUANAMBI;;;
bahia;FLUMINENSE DE FEIRA;FLUMINENSE DE FEIRA;;;
bahia;GALÍCIA;GALÍCIA;;;
bahia;GRAPIÚNA;GRAPIÚNA;;;
bahia;ITABUNA;ITABUNA;;;
bahia;JACOBINA;JACOBINA;;;
bahia;JACOBINENSE;JACOBINENSE;;;
bahia;JACUIPENSE;JACUIPENSE;;;
bahia;JEQUIÉ;JEQUIÉ;;;
bahia;JUAZEIRENSE;JUAZEIRENSE;;;
bahia;JUAZEIRO;JUAZEIRO;;;
bahia;LEÔNICO;LEÔNICO;;;
bahia;PORTELA;PORTELA;;;
bahia;PORTO;PORTO;;;
bahia;SSA;SSA;;;
bahia;TEIXEIRA DE FREITAS;TEIXEIRA DE FREITAS;;;
bahia;UNIRB;UNIRB;;;
bahia;VITÓRIA;VITÓRIA;;;
bahia;VITÓRIA DA CONQUISTA;VITÓRIA DA CONQUISTA;;;
bahia;YPIRANGA;YPIRANGA;;;
ceara;ALIANÇA;ALIANÇA;;;
ceara;ANJOS DO CÉU;ANJOS DO CÉU;;;
ceara;ARSENAL CARIDADE;ARSENAL CARIDADE;;;
ceara;ATLÉTICO;ATLÉTICO;;;
ceara;ATLÉTICO CEARENSE;ATLÉTICO CEARENSE;;;
ceara;BARBALHA;BARBALHA;;;
ceara;CALOUROS DO AR;CALOUROS DO AR;;;
ceara;CAMPO GRANDE;CAMPO GRANDE;;;
ceara;CARIRI;CARIRI;;;
ceara;CAUCAIA;CAUCAIA;;;
ceara;CEARÁ;CEARÁ;;;
ceara;CEARÁ B;CEARÁ B;;;
ceara;CRATEÚS;CRATEÚS;;;
ceara;CRATO;CRATO;;;
ceara;ESPORTE LIMOEIRO;ESPORTE LIMOEIRO;;;
ceara;FERROVIÁRIO;FERROVIÁRIO;;;
ceara;FLORESTA;FLORESTA;;;
ceara;FORTALEZA;FORTALEZA;;;
ceara;FORTALEZA B;FORTALEZA B;;;
ceara;GRÊMIO PAGUE MENOS;GRÊMIO PAGUE MENOS;;;
ceara;GUARANI DE JUAZEIRO;GUARANI DE JUAZEIRO;;;
ceara;GUARANY;GUARANY;;;
ceara;GUARANY DE SOBRAL;GUARANY DE SOBRAL;;;
ceara;HORIZONTE;HORIZONTE;;;
ceara;ICASA;ICASA;;;
ceara;IGUATU;IGUATU;;;
ceara;ITAPIPOCA;ITAPIPOCA;;;
ceara;ITAREMA;ITAREMA;;;
ceara;MARACANÃ;MARACANÃ;;;
ceara;MARANGUAPE;MARANGUAPE;;;
ceara;PACAJUS;PACAJUS;;;
ceara;PACATUBA;PACATUBA;;;
ceara;QUIXADÁ;QUIXADÁ;;;
ceara;TERRA E MAR;TERRA E MAR;;;
ceara;TIANGUÁ;TIANGUÁ;;;
ceara;TIRADENTES;TIRADENTES;;;
ceara;TIROL;TIROL;;;
ceara;UNIÃO;UNIÃO;;;
ceara;VILA REAL;VILA REAL;;;
distrito_federal;ARUC;ARUC;;;
distrito_federal;BOLAMENSE;BOLAMENSE;;;
distrito_federal;BRASILIENSE;BRASILIENSE;;;
distrito_federal;BRASÍLIA;BRASÍLIA;;;
distrito_federal;BRAZLÂNDIA;BRAZLÂNDIA;;;
distrito_federal;CANAÃ;CANAÃ;;;
distrito_federal;CANDANGO;CANDANGO;;;
distrito_federal;CAPITAL;CAPITAL;;;
distrito_federal;CAPITAL CF;CAPITAL CF;;;
distrito_federal;CEILANDENSE;CEILANDENSE;;;
distrito_federal;CEILÂNDIA;CEILÂNDIA;;;
distrito_federal;CRUZEIRO;CRUZEIRO;;;
distrito_federal;GAMA;GAMA;;;
distrito_federal;LEGIÃO;LEGIÃO;;;
distrito_federal;PARANOÁ;PARANOÁ;;;
distrito_federal;PLANALTINA;PLANALTINA;;;
distrito_federal;REAL BRASÍLIA;REAL BRASÍLIA;;;
distrito_federal;RIACHO CITY;RIACHO CITY;;;
distrito_federal;SAMAMBAIA;SAMAMBAIA;;;
distrito_federal;SANTA MARIA;SANTA MARIA;;;
distrito_federal;SESP SAMAMBAENSE;SESP SAMAMBAENSE;;;
distrito_federal;SOBRADINHO;SOBRADINHO;;;
distrito_federal;TAGUATINGA;TAGUATINGA;;;
espirito_santo;ASTER BRASIL;ASTER BRASIL;;;
espirito_santo;AT. ITAPEMIRIM;AT. ITAPEMIRIM;;;
espirito_santo;CAPIXABA;CAPIXABA;;;
espirito_santo;CASTELO;CASTELO;;;
espirito_santo;CTE COLATINA;CTE COLATINA;;;
espirito_santo;DESPORTIVA FERROVIÁRIA;DESPORTIVA FERROVIÁRIA;;;
espirito_santo;ESTRELA DO NORTE;ESTRELA DO NORTE;;;
espirito_santo;FORTE;FORTE;;;
espirito_santo;GEL;GEL;;;
espirito_santo;GÁLATAS;GÁLATAS;;;
espirito_santo;JAGUARÉ;JAGUARÉ;;;
espirito_santo;LINHARES;LINHARES;;;
espirito_santo;NOVA VENÉCIA;NOVA VENÉCIA;;;
espirito_santo;PINHEIROS;PINHEIROS;;;
espirito_santo;PORTO VITÓRIA;PORTO VITÓRIA;;;
espirito_santo;REAL NOROESTE;REAL NOROESTE;;;
espirito_santo;RIO BRANCO;RIO BRANCO;;;
espirito_santo;RIO BRANCO - VN;RIO BRANCO - VN;;;
espirito_santo;RIO BRANCO DE VENDA NOVA;RIO BRANCO DE VENDA NOVA;;;
espirito_santo;SERRA;SERRA;;;
espirito_santo;SPORT CAPIXABA;SPORT CAPIXABA;;;
espirito_santo;SÃO MATEUS;SÃO MATEUS;;;
espirito_santo;TUPY;TUPY;;;
espirito_santo;VILAVELHENSE;VILAVELHENSE;;;
espirito_santo;VITÓRIA;VITÓRIA;;;
goias;ABD;ABD;;;
goias;ABECAT OUVIDORENSE;ABECAT OUVIDORENSE;;;
goias;AMÉRICA;AMÉRICA;;;
goias;ANAPOLINA;ANAPOLINA;;;
goias;ANÁPOLIS;ANÁPOLIS;;;
goias;APARECIDA;APARECIDA;;;
goias;APARECIDENSE;APARECIDENSE;;;
goias;ASEEV;ASEEV;;;
goias;ATLÉTICO GOIANIENSE;ATLÉTICO GOIANIENSE;;;
goias;BELA VISTA;BELA VISTA;;;
goias;BOM JESUS;BOM JESUS;;;
goias;BOTAFOGO;BOTAFOGO;;;
goias;CENTRO OESTE;CENTRO OESTE;;;
goias;CERRADO;CERRADO;;;
goias;CRAC;CRAC;;;
goias;CRIXÁS;CRIXÁS;;;
goias;FORMOSA;FORMOSA;;;
goias;GOIANÉSIA;GOIANÉSIA;;;
goias;GOIATUBA;GOIATUBA;;;
goias;GOIÁS;GOIÁS;;;
goias;GOIÂNIA;GOIÂNIA;;;
goias;GRÊMIO ANÁPOLIS;GRÊMIO ANÁPOLIS;;;
goias;GRÊMIO VALPARAÍSO;GRÊMIO VALPARAÍSO;;;
goias;GUANABARA CITY;GUANABARA CITY;;;
goias;INDEPENDENTE DE RIO VERDE;INDEPENDENTE DE RIO VERDE;;;
goias;INHUMAS;INHUMAS;;;
goias;IPORÁ;IPORÁ;;;
goias;ITABERAÍ;ITABERAÍ;;;
goias;ITUMBIARA;ITUMBIARA;;;
goias;JARAGUÁ;JARAGUÁ;;;
goias;JATAIENSE;JATAIENSE;;;
goias;LUZIÂNIA;LUZIÂNIA;;;
goias;MINEIROS;MINEIROS;;;
goias;MONTE CRISTO;MONTE CRISTO;;;
goias;MORRINHOS;MORRINHOS;;;
goias;PIRES DO RIO;PIRES DO RIO;;;
goias;RIO VERDE;RIO VERDE;;;
goias;RIOVERDENSE;RIOVERDENSE;;;
goias;ROYAL;ROYAL;;;
goias;SANTA HELENA;SANTA HELENA;;;
goias;TRINDADE;TRINDADE;;;
goias;TUPY;TUPY;;;
goias;UNIÃO INHUMAS;UNIÃO INHUMAS;;;
goias;URUAÇU;URUAÇU;;;
goias;VILA NOVA;VILA NOVA;;;
maranhao;AMERICANO;AMERICANO;;;
maranhao;ARAIOSES;ARAIOSES;;;
maranhao;ATLÉTICO BACABAL;ATLÉTICO BACABAL;;;
maranhao;BACABAL;BACABAL;;;
maranhao;BALSAS;BALSAS;;;
maranhao;CHAPADINHA;CHAPADINHA;;;
maranhao;CORDINO;CORDINO;;;
maranhao;EXPRESSINHO;EXPRESSINHO;;;
maranhao;IAPE;IAPE;;;
maranhao;IMPERATRIZ;IMPERATRIZ;;;
maranhao;ITZ SPORT;ITZ SPORT;;;
maranhao;JUVENTUDE;JUVENTUDE;;;
maranhao;LAGO VERDE;LAGO VERDE;;;
maranhao;LUMINENSE;LUMINENSE;;;
maranhao;MARANHÃO;MARANHÃO;;;
maranhao;MOTO CLUB;MOTO CLUB;;;
maranhao;PINHEIRO;PINHEIRO;;;
maranhao;SABIÁ;SABIÁ;;;
maranhao;SAMPAIO CORRÊA;SAMPAIO CORRÊA;;;
maranhao;SÃO JOSÉ;SÃO JOSÉ;;;
maranhao;SÃO LUÍS;SÃO LUÍS;;;
maranhao;TUNTUM;TUNTUM;;;
maranhao;TUPAN;TUPAN;;;
maranhao;VIANA;VIANA;;;
mato_grosso;ACADEMIA;ACADEMIA;;;
mato_grosso;ARAGUAIA;ARAGUAIA;;;
mato_grosso;ATLÉTICO;ATLÉTICO;;;
mato_grosso;AÇÃO;AÇÃO;;;
mato_grosso;CACERENSE;CACERENSE;;;
mato_grosso;CAMPO NOVO;CAMPO NOVO;;;
mato_grosso;CEOV OPERÁRIO;CEOV OPERÁRIO;;;
mato_grosso;CHAPADA;CHAPADA;;;
mato_grosso;CUIABÁ;CUIABÁ;;;
mato_grosso;CUIABÁ B;CUIABÁ B;;;
mato_grosso;CÁCERES;CÁCERES;;;
mato_grosso;DOM BOSCO;DOM BOSCO;;;
mato_grosso;JUARA;JUARA;;;
mato_grosso;LUVERDENSE;LUVERDENSE;;;
mato_grosso;MIXTO;MIXTO;;;
mato_grosso;MUTUM;MUTUM;;;
mato_grosso;NOVA MUTUM;NOVA MUTUM;;;
mato_grosso;OPERÁRIO;OPERÁRIO;;;
mato_grosso;OPERÁRIO CEOV;OPERÁRIO CEOV;;;
mato_grosso;PAULISTANO;PAULISTANO;;;
mato_grosso;POCONÉ;POCONÉ;;;
mato_grosso;PRIMAVERA;PRIMAVERA;;;
mato_grosso;RONDONÓPOLIS;RONDONÓPOLIS;;;
mato_grosso;SANTA CRUZ;SANTA CRUZ;;;
mato_grosso;SINOP;SINOP;;;
mato_grosso;SORRISO;SORRISO;;;
mato_grosso;SPORT SINOP;SPORT SINOP;;;
mato_grosso;UIRAPURU;UIRAPURU;;;
mato_grosso;UNIÃO DE RONDONÓPOLIS;UNIÃO DE RONDONÓPOLIS;;;
mato_grosso;UNIÃO RONDONÓPOLIS;UNIÃO RONDONÓPOLIS;;;
mato_grosso_do_sul;7 DE SETEMBRO;7 DE SETEMBRO;;;
mato_grosso_do_sul;AQUIDAUANENSE;AQUIDAUANENSE;;;
mato_grosso_do_sul;BATAGUASSU;BATAGUASSU;;;
mato_grosso_do_sul;CEART;CEART;;;
mato_grosso_do_sul;COMERCIAL;COMERCIAL;;;
mato_grosso_do_sul;COMERCIAL DE TRÊS LAGOAS;COMERCIAL DE TRÊS LAGOAS;;;
mato_grosso_do_sul;CORUMBAENSE;CORUMBAENSE;;;
mato_grosso_do_sul;COSTA RICA;COSTA RICA;;;
mato_grosso_do_sul;COXIM;COXIM;;;
mato_grosso_do_sul;CR AQUIDAUANA;CR AQUIDAUANA;;;
mato_grosso_do_sul;DOURADOS;DOURADOS;;;
mato_grosso_do_sul;IVINHEMA;IVINHEMA;;;
mato_grosso_do_sul;MARACAJU;MARACAJU;;;
mato_grosso_do_sul;MISTO;MISTO;;;
mato_grosso_do_sul;MORENINHAS;MORENINHAS;;;
mato_grosso_do_sul;NAVIRAIENSE;NAVIRAIENSE;;;
mato_grosso_do_sul;NOVA ANDRADINA;NOVA ANDRADINA;;;
mato_grosso_do_sul;NOVOPERÁRIO;NOVOPERÁRIO;;;
mato_grosso_do_sul;NÁUTICO;NÁUTICO;;;
mato_grosso_do_sul;OPERÁRIO;OPERÁRIO;;;
mato_grosso_do_sul;PANTANAL;PANTANAL;;;
mato_grosso_do_sul;PONTAPORANENSE;PONTAPORANENSE;;;
mato_grosso_do_sul;PORTUGUESA;PORTUGUESA;;;
mato_grosso_do_sul;SERC;SERC;;;
mato_grosso_do_sul;SÃO GABRIEL;SÃO GABRIEL;;;
mato_grosso_do_sul;TAVEIRÓPOLIS;TAVEIRÓPOLIS;;;
mato_grosso_do_sul;TRÊS LAGOAS;TRÊS LAGOAS;;;
mato_grosso_do_sul;UNIÃO;UNIÃO;;;
mato_grosso_do_sul;ÁGUIA NEGRA;ÁGUIA NEGRA;;;
minas_gerais;AE PARACATU;AE PARACATU;;;
minas_gerais;AMÉRICA MINEIRO;AMÉRICA MINEIRO;;;
minas_gerais;AMÉRICA T.O;AMÉRICA T.O;;;
minas_gerais;ARAGUARI;ARAGUARI;;;
minas_gerais;ARAXÁ;ARAXÁ;;;
minas_gerais;ATHLETIC;ATHLETIC;;;
minas_gerais;ATHLETIC CLUB;ATHLETIC CLUB;;;
minas_gerais;ATL. TRÊS CORAÇÕES;ATL. TRÊS CORAÇÕES;;;
minas_gerais;ATLHETIC CE;ATLHETIC CE;;;
minas_gerais;ATLÉTICO MINEIRO;ATLÉTICO MINEIRO;;;
minas_gerais;ATLÉTICO PATROCINENSE;ATLÉTICO PATROCINENSE;;;
minas_gerais;AYMORÉS;AYMORÉS;;;
minas_gerais;BETIM FUTEBOL;BETIM FUTEBOL;;;
minas_gerais;BETIS;BETIS;;;
minas_gerais;BOA;BOA;;;
minas_gerais;BOA ESPORTE;BOA ESPORTE;;;
minas_gerais;BOSTON CITY BRASIL;BOSTON CITY BRASIL;;;
minas_gerais;CA PATROCINENSE;CA PATROCINENSE;;;
minas_gerais;CALDENSE;CALDENSE;;;
minas_gerais;CAP DE UBERLÂNDIA;CAP DE UBERLÂNDIA;;;
minas_gerais;COIMBRA;COIMBRA;;;
minas_gerais;COIMBRA-MG B;COIMBRA-MG B;;;
minas_gerais;CONTAGEM;CONTAGEM;;;
minas_gerais;CRUZEIRO;CRUZEIRO;;;
minas_gerais;DEMOCRATA;DEMOCRATA;;;
minas_gerais;ESSUBE;ESSUBE;;;
minas_gerais;FIGUEIRENSE;FIGUEIRENSE;;;
minas_gerais;GUARANI;GUARANI;;;
minas_gerais;INTER DE MINAS;INTER DE MINAS;;;
minas_gerais;INTER SÃO GOTARDO;INTER SÃO GOTARDO;;;
minas_gerais;IPATINGA;IPATINGA;;;
minas_gerais;ITABIRITO;ITABIRITO;;;
minas_gerais;JUVENTUS DE MINAS NOVAS;JUVENTUS DE MINAS NOVAS;;;
minas_gerais;MAMORÉ;MAMORÉ;;;
minas_gerais;MANCHESTER FUTEBOL;MANCHESTER FUTEBOL;;;
minas_gerais;NACIONAL ATL. MURIAÉ;NACIONAL ATL. MURIAÉ;;;
minas_gerais;NACIONAL UBERABA;NACIONAL UBERABA;;;
minas_gerais;NORTH ESPORTE CLUBE;NORTH ESPORTE CLUBE;;;
minas_gerais;NOVO ESPORTE;NOVO ESPORTE;;;
minas_gerais;PASSOS;PASSOS;;;
minas_gerais;PATROCINENSE;PATROCINENSE;;;
minas_gerais;PIRAPORA;PIRAPORA;;;
minas_gerais;POUSO ALEGRE;POUSO ALEGRE;;;
minas_gerais;POÇOS DE CALDAS;POÇOS DE CALDAS;;;
minas_gerais;SANTARRITENSE;SANTARRITENSE;;;
minas_gerais;SERRANENSE;SERRANENSE;;;
minas_gerais;SOCIAL;SOCIAL;;;
minas_gerais;TOMBENSE;TOMBENSE;;;
minas_gerais;TUPI;TUPI;;;
minas_gerais;TUPYNAMBÁS;TUPYNAMBÁS;;;
minas_gerais;UBERABA;UBERABA;;;
minas_gerais;UBERLÂNDIA;UBERLÂNDIA;;;
minas_gerais;UNAÍ;UNAÍ;;;
minas_gerais;UNIÃO LUZIENSE;UNIÃO LUZIENSE;;;
minas_gerais;URT;URT;;;
minas_gerais;VALERIODOCE;VALERIODOCE;;;
minas_gerais;VARGINHA;VARGINHA;;;
minas_gerais;VILLA NOVA;VILLA NOVA;;;
minas_gerais;VILLA REAL;VILLA REAL;;;
para;AGUIA DE MARABA;AGUIA DE MARABA;;;
para;ALTAMIRA;ALTAMIRA;;;
para;AMAZÔNIA INDEPENDENTE;AMAZÔNIA INDEPENDENTE;;;
para;ATLÉTICO PARAENSE;ATLÉTICO PARAENSE;;;
para;BELENENSE;BELENENSE;;;
para;BRAGANTINO;BRAGANTINO;;;
para;CAETÉ;CAETÉ;;;
para;CAMETÁ;CAMETÁ;;;
para;CANAÃ;CANAÃ;;;
para;CAPITÃO POÇO;CAPITÃO POÇO;;;
para;CARAJÁS;CARAJÁS;;;
para;CASTANHAL;CASTANHAL;;;
para;ESMAC;ESMAC;;;
para;FONTE NOVA;FONTE NOVA;;;
para;GAVIÃO KYIKATEJÊ;GAVIÃO KYIKATEJÊ;;;
para;GRÊMIO CARAJÁS;GRÊMIO CARAJÁS;;;
para;INDEPENDENTE;INDEPENDENTE;;;
para;INDEPENDENTE TUCURUÍ;INDEPENDENTE TUCURUÍ;;;
para;ITUPIRANGA;ITUPIRANGA;;;
para;IZABELENSE;IZABELENSE;;;
para;MARAJÓ;MARAJÓ;;;
para;PARAENSE;PARAENSE;;;
para;PARAGOMINAS;PARAGOMINAS;;;
para;PARAUAPEBAS;PARAUAPEBAS;;;
para;PAYSANDU;PAYSANDU;;;
para;PEDREIRA;PEDREIRA;;;
para;PINHEIRENSE;PINHEIRENSE;;;
para;REMO;REMO;;;
para;SANTA ROSA;SANTA ROSA;;;
para;SANTOS;SANTOS;;;
para;SPORT BELÉM;SPORT BELÉM;;;
para;SPORTING MARACANÃ;SPORTING MARACANÃ;;;
para;SÃO FRANCISCO;SÃO FRANCISCO;;;
para;SÃO RAIMUNDO;SÃO RAIMUNDO;;;
para;TAPAJÓS;TAPAJÓS;;;
para;TESLA;TESLA;;;
para;TIRADENTES;TIRADENTES;;;
para;TUNA LUSO;TUNA LUSO;;;
para;UNIÃO PARAENSE;UNIÃO PARAENSE;;;
para;URUMAJÓ;URUMAJÓ;;;
para;VILA RICA;VILA RICA;;;
para;VÊNUS;VÊNUS;;;
para;ÁGUIA;ÁGUIA;;;
paraiba;ATLÉTICO;ATLÉTICO;;;
paraiba;ATLÉTICO DE CAJAZEIRAS;ATLÉTICO DE CAJAZEIRAS;;;
paraiba;AUTO ESPORTE;AUTO ESPORTE;;;
paraiba;BOTAFOGO;BOTAFOGO;;;
paraiba;BOTAFOGO PB;BOTAFOGO PB;;;
paraiba;CAMPINENSE;CAMPINENSE;;;
paraiba;CONFIANÇA;CONFIANÇA;;;
paraiba;CRUZEIRO;CRUZEIRO;;;
paraiba;CSP;CSP;;;
paraiba;DESPORTIVA GUARABIRA;DESPORTIVA GUARABIRA;;;
paraiba;ESPORTE;ESPORTE;;;
paraiba;FEMAR;FEMAR;;;
paraiba;INTERNACIONAL;INTERNACIONAL;;;
paraiba;MIRAMAR;MIRAMAR;;;
paraiba;NACIONAL;NACIONAL;;;
paraiba;PERILIMA;PERILIMA;;;
paraiba;PICUIENSE;PICUIENSE;;;
paraiba;POMBAL;POMBAL;;;
paraiba;QUEIMADENSE;QUEIMADENSE;;;
paraiba;SABUGY;SABUGY;;;
paraiba;SERRA BRANCA;SERRA BRANCA;;;
paraiba;SERRANO;SERRANO;;;
paraiba;SOUSA;SOUSA;;;
paraiba;SPARTAX;SPARTAX;;;
paraiba;SPORT LAGOA SECA;SPORT LAGOA SECA;;;
paraiba;SÃO PAULO CRYSTAL;SÃO PAULO CRYSTAL;;;
paraiba;TREZE;TREZE;;;
parana;ANDRAUS;ANDRAUS;;;
parana;APUCARANA SPORTS;APUCARANA SPORTS;;;
parana;ARAPONGAS;ARAPONGAS;;;
parana;ARAUCÁRIA;ARAUCÁRIA;;;
parana;ARUKO;ARUKO;;;
parana;ATHLETICO PARANAENSE;ATHLETICO PARANAENSE;;;
parana;ATHLETICO PARANAENSE B;ATHLETICO PARANAENSE B;;;
parana;AZURIZ;AZURIZ;;;
parana;AZURIZ FUTEBOL;AZURIZ FUTEBOL;;;
parana;BATEL;BATEL;;;
parana;CAMBÉ;CAMBÉ;;;
parana;CAMPO MOURÃO;CAMPO MOURÃO;;;
parana;CASCAVEL;CASCAVEL;;;
parana;CIANORTE;CIANORTE;;;
parana;CITY LONDON;CITY LONDON;;;
parana;CORITIBA;CORITIBA;;;
parana;CORITIBA B;CORITIBA B;;;
parana;FOZ DO IGUAÇU;FOZ DO IGUAÇU;;;
parana;GALO MARINGÁ;GALO MARINGÁ;;;
parana;GRECAL;GRECAL;;;
parana;GRÊMIO MARINGÁ;GRÊMIO MARINGÁ;;;
parana;HOPE INTERNACIONAL;HOPE INTERNACIONAL;;;
parana;IGUAÇU;IGUAÇU;;;
parana;IRATY;IRATY;;;
parana;LARANJA MECÂNICA;LARANJA MECÂNICA;;;
parana;LEÃO DO VALE - CIANORTE;LEÃO DO VALE - CIANORTE;;;
parana;LONDRINA;LONDRINA;;;
parana;MARINGÁ;MARINGÁ;;;
parana;NACIONAL;NACIONAL;;;
parana;OESTE BRASIL;OESTE BRASIL;;;
parana;OPERÁRIO;OPERÁRIO;;;
parana;OPERÁRIO FERROVIÁRIO;OPERÁRIO FERROVIÁRIO;;;
parana;PARANAVAÍ;PARANAVAÍ;;;
parana;PARANÁ;PARANÁ;;;
parana;PATRIOTAS;PATRIOTAS;;;
parana;PORTUGUESA LONDRINENSE;PORTUGUESA LONDRINENSE;;;
parana;PRUDENTÓPOLIS;PRUDENTÓPOLIS;;;
parana;PSTC;PSTC;;;
parana;RIO BRANCO;RIO BRANCO;;;
parana;RIO BRANCO SPORT CLUB;RIO BRANCO SPORT CLUB;;;
parana;ROLÂNDIA;ROLÂNDIA;;;
parana;SÃO JOSEENSE;SÃO JOSEENSE;;;
parana;SÃOJOSEENSE;SÃOJOSEENSE;;;
parana;TOLEDO;TOLEDO;;;
parana;UNIÃO BELTRÃO;UNIÃO BELTRÃO;;;
parana;VERÊ;VERÊ;;;
pernambuco;1° DE MAIO;1° DE MAIO;;;
pernambuco;AFOGADOS;AFOGADOS;;;
pernambuco;AFOGADOS DA INGAZEIRA;AFOGADOS DA INGAZEIRA;;;
pernambuco;AMÉRICA;AMÉRICA;;;
pernambuco;ATLÉTICO PERNAMBUCANO;ATLÉTICO PERNAMBUCANO;;;
pernambuco;BARREIROS;BARREIROS;;;
pernambuco;BELO JARDIM;BELO JARDIM;;;
pernambuco;CABENSE;CABENSE;;;
pernambuco;CARUARU CITY;CARUARU CITY;;;
pernambuco;CENTRAL;CENTRAL;;;
pernambuco;CENTRO LIMOEIRENSE;CENTRO LIMOEIRENSE;;;
pernambuco;CHÃ GRANDE;CHÃ GRANDE;;;
pernambuco;DECISÃO;DECISÃO;;;
pernambuco;FERROVIÁRIO DO CABO;FERROVIÁRIO DO CABO;;;
pernambuco;FLAMENGO;FLAMENGO;;;
pernambuco;IPOJUCA;IPOJUCA;;;
pernambuco;JAGUAR;JAGUAR;;;
pernambuco;MAGUARY;MAGUARY;;;
pernambuco;NÁUTICO;NÁUTICO;;;
pernambuco;PESQUEIRA;PESQUEIRA;;;
pernambuco;PETROLINA;PETROLINA;;;
pernambuco;PORTO;PORTO;;;
pernambuco;RETRÔ;RETRÔ;;;
pernambuco;SALGUEIRO;SALGUEIRO;;;
pernambuco;SANTA CRUZ;SANTA CRUZ;;;
pernambuco;SANTA FÉ;SANTA FÉ;;;
pernambuco;SERRANO;SERRANO;;;
pernambuco;SETE DE SETEMBRO;SETE DE SETEMBRO;;;
pernambuco;SPORT;SPORT;;;
pernambuco;TIMBAÚBA;TIMBAÚBA;;;
pernambuco;TORRES BRASIL;TORRES BRASIL;;;
pernambuco;VERA CRUZ;VERA CRUZ;;;
pernambuco;VITÓRIA DAS TABOCAS;VITÓRIA DAS TABOCAS;;;
pernambuco;YPIRANGA;YPIRANGA;;;
pernambuco;ÁGUIA DE CUMARU;ÁGUIA DE CUMARU;;;
pernambuco;ÍBIS;ÍBIS;;;
piaui;4 DE JULHO;4 DE JULHO;;;
piaui;ALTOS;ALTOS;;;
piaui;ATLÉTICO PIAUIENSE;ATLÉTICO PIAUIENSE;;;
piaui;CAIÇARA;CAIÇARA;;;
piaui;COMERCIAL;COMERCIAL;;;
piaui;CORISABBÁ;CORISABBÁ;;;
piaui;FERROVIÁRIO;FERROVIÁRIO;;;
piaui;FLAMENGO;FLAMENGO;;;
piaui;FLUMINENSE;FLUMINENSE;;;
piaui;OEIRENSE;OEIRENSE;;;
piaui;PARNAHYBA;PARNAHYBA;;;
piaui;PIAUÍ;PIAUÍ;;;
piaui;PICOS;PICOS;;;
piaui;RÍVER;RÍVER;;;
piaui;TERESINA;TERESINA;;;
piaui;TIMON;TIMON;;;
piaui;TIRADENTES;TIRADENTES;;;
rio_de_janeiro;7 DE ABRIL;7 DE ABRIL;;;
rio_de_janeiro;AMERICA;AMERICA;;;
rio_de_janeiro;AMERICANO;AMERICANO;;;
rio_de_janeiro;ANGRA DOS REIS;ANGRA DOS REIS;;;
rio_de_janeiro;ARARUAMA;ARARUAMA;;;
rio_de_janeiro;ARRAIAL DO CABO;ARRAIAL DO CABO;;;
rio_de_janeiro;ATLÉTICO CARIOCA;ATLÉTICO CARIOCA;;;
rio_de_janeiro;AUDAX RIO;AUDAX RIO;;;
rio_de_janeiro;BANGU;BANGU;;;
rio_de_janeiro;BARCELONA;BARCELONA;;;
rio_de_janeiro;BARRA DA TIJUCA;BARRA DA TIJUCA;;;
rio_de_janeiro;BARRA MANSA;BARRA MANSA;;;
rio_de_janeiro;BELA VISTA;BELA VISTA;;;
rio_de_janeiro;BELFORD ROXO;BELFORD ROXO;;;
rio_de_janeiro;BOAVISTA;BOAVISTA;;;
rio_de_janeiro;BONSUCESSO;BONSUCESSO;;;
rio_de_janeiro;BOTAFOGO;BOTAFOGO;;;
rio_de_janeiro;BRASILEIRINHO;BRASILEIRINHO;;;
rio_de_janeiro;BRÉSCIA;BRÉSCIA;;;
rio_de_janeiro;BÚZIOS;BÚZIOS;;;
rio_de_janeiro;CAAC BRASIL;CAAC BRASIL;;;
rio_de_janeiro;CABOFRIENSE;CABOFRIENSE;;;
rio_de_janeiro;CAMPO GRANDE;CAMPO GRANDE;;;
rio_de_janeiro;CAMPOS;CAMPOS;;;
rio_de_janeiro;CARAPEBUS;CARAPEBUS;;;
rio_de_janeiro;CASIMIRO DE ABREU;CASIMIRO DE ABREU;;;
rio_de_janeiro;CERES;CERES;;;
rio_de_janeiro;DUQUE CAXIENSE;DUQUE CAXIENSE;;;
rio_de_janeiro;DUQUE DE CAXIAS;DUQUE DE CAXIAS;;;
rio_de_janeiro;FLAMENGO;FLAMENGO;;;
rio_de_janeiro;FLUMINENSE;FLUMINENSE;;;
rio_de_janeiro;FRIBURGUENSE;FRIBURGUENSE;;;
rio_de_janeiro;GONÇALENSE;GONÇALENSE;;;
rio_de_janeiro;GOYTACAZ;GOYTACAZ;;;
rio_de_janeiro;IMPÉRIO SERRANO;IMPÉRIO SERRANO;;;
rio_de_janeiro;INDEPENDENTE;INDEPENDENTE;;;
rio_de_janeiro;ITABORAÍ PROFUTE;ITABORAÍ PROFUTE;;;
rio_de_janeiro;JUVENTUS;JUVENTUS;;;
rio_de_janeiro;MACAÉ;MACAÉ;;;
rio_de_janeiro;MADUREIRA;MADUREIRA;;;
rio_de_janeiro;MAGEENSE;MAGEENSE;;;
rio_de_janeiro;MARICÁ;MARICÁ;;;
rio_de_janeiro;MESQUITA;MESQUITA;;;
rio_de_janeiro;NITEROIENSE;NITEROIENSE;;;
rio_de_janeiro;NOVA CIDADE;NOVA CIDADE;;;
rio_de_janeiro;NOVA IGUAÇU;NOVA IGUAÇU;;;
rio_de_janeiro;OLARIA;OLARIA;;;
rio_de_janeiro;PADUANO;PADUANO;;;
rio_de_janeiro;PARATY;PARATY;;;
rio_de_janeiro;PARAÍBA DO SUL;PARAÍBA DO SUL;;;
rio_de_janeiro;PETRÓPOLIS;PETRÓPOLIS;;;
rio_de_janeiro;PORTUGUESA;PORTUGUESA;;;
rio_de_janeiro;PÉROLAS NEGRAS;PÉROLAS NEGRAS;;;
rio_de_janeiro;QUEIMADOS;QUEIMADOS;;;
rio_de_janeiro;RESENDE;RESENDE;;;
rio_de_janeiro;RIO DE JANEIRO;RIO DE JANEIRO;;;
rio_de_janeiro;RIO SÃO PAULO;RIO SÃO PAULO;;;
rio_de_janeiro;RIOSTRENSE;RIOSTRENSE;;;
rio_de_janeiro;SAMPAIO CORRÊA;SAMPAIO CORRÊA;;;
rio_de_janeiro;SANTA CRUZ;SANTA CRUZ;;;
rio_de_janeiro;SERRA MACAENSE;SERRA MACAENSE;;;
rio_de_janeiro;SERRANO;SERRANO;;;
rio_de_janeiro;SÃO CRISTÓVÃO;SÃO CRISTÓVÃO;;;
rio_de_janeiro;SÃO GONÇALO;SÃO GONÇALO;;;
rio_de_janeiro;SÃO JOSÉ DE ITAPERUNA;SÃO JOSÉ DE ITAPERUNA;;;
rio_de_janeiro;TIGRES DO BRASIL;TIGRES DO BRASIL;;;
rio_de_janeiro;UNI SOUZA;UNI SOUZA;;;
rio_de_janeiro;UNIVASSOURAS ARTSUL;UNIVASSOURAS ARTSUL;;;
rio_de_janeiro;UNIÃO CENTRAL;UNIÃO CENTRAL;;;
rio_de_janeiro;VASCO;VASCO;;;
rio_de_janeiro;VASCO DA GAMA;VASCO DA GAMA;;;
rio_de_janeiro;VERA CRUZ;VERA CRUZ;;;
rio_de_janeiro;VOLTA REDONDA;VOLTA REDONDA;;;
rio_de_janeiro;ZINZA;ZINZA;;;
rio_grande_do_norte;ABC;ABC;;;
rio_grande_do_norte;ALECRIM;ALECRIM;;;
rio_grande_do_norte;AMÉRICA;AMÉRICA;;;
rio_grande_do_norte;ASSU;ASSU;;;
rio_grande_do_norte;BARAÚNAS;BARAÚNAS;;;
rio_grande_do_norte;FORÇA E LUZ;FORÇA E LUZ;;;
rio_grande_do_norte;GLOBO;GLOBO;;;
rio_grande_do_norte;LAGUNA;LAGUNA;;;
rio_grande_do_norte;MOSSORÓ;MOSSORÓ;;;
rio_grande_do_norte;PALMEIRA DE GOIANINHA;PALMEIRA DE GOIANINHA;;;
rio_grande_do_norte;PARNAMIRIM;PARNAMIRIM;;;
rio_grande_do_norte;POTENGI;POTENGI;;;
rio_grande_do_norte;POTIGUAR;POTIGUAR;;;
rio_grande_do_norte;POTYGUAR SERIDOENSE;POTYGUAR SERIDOENSE;;;
rio_grande_do_norte;QFC;QFC;;;
rio_grande_do_norte;RIACHUELO;RIACHUELO;;;
rio_grande_do_norte;RIO GRANDE;RIO GRANDE;;;
rio_grande_do_norte;SANTA CRUZ DE NATAL;SANTA CRUZ DE NATAL;;;
rio_grande_do_norte;UNIVAP APODI;UNIVAP APODI;;;
rio_grande_do_norte;VISÃO CELESTE;VISÃO CELESTE;;;
rio_grande_do_sul;12 HORAS;12 HORAS;;;
rio_grande_do_sul;AIMORÉ;AIMORÉ;;;
rio_grande_do_sul;APAFUT;APAFUT;;;
rio_grande_do_sul;ATLÉTICO;ATLÉTICO;;;
rio_grande_do_sul;AVENIDA;AVENIDA;;;
rio_grande_do_sul;BAGÉ;BAGÉ;;;
rio_grande_do_sul;BRASIL;BRASIL;;;
rio_grande_do_sul;BRASIL DE FARROUPILHA;BRASIL DE FARROUPILHA;;;
rio_grande_do_sul;CAXIAS;CAXIAS;;;
rio_grande_do_sul;CLUBE 1992;CLUBE 1992;;;
rio_grande_do_sul;CRUZEIRO;CRUZEIRO;;;
rio_grande_do_sul;ELITE CD;ELITE CD;;;
rio_grande_do_sul;ESPORTIVO;ESPORTIVO;;;
rio_grande_do_sul;FARROUPILHA;FARROUPILHA;;;
rio_grande_do_sul;FUTEBOL COM VIDA;FUTEBOL COM VIDA;;;
rio_grande_do_sul;GARIBALDI;GARIBALDI;;;
rio_grande_do_sul;GAÚCHO;GAÚCHO;;;
rio_grande_do_sul;GE BRASIL;GE BRASIL;;;
rio_grande_do_sul;GLÓRIA;GLÓRIA;;;
rio_grande_do_sul;GRAMADENSE;GRAMADENSE;;;
rio_grande_do_sul;GRÊMIO;GRÊMIO;;;
rio_grande_do_sul;GRÊMIO B;GRÊMIO B;;;
rio_grande_do_sul;GRÊMIO S23;GRÊMIO S23;;;
rio_grande_do_sul;GUARANI V. AIRES;GUARANI V. AIRES;;;
rio_grande_do_sul;GUARANY;GUARANY;;;
rio_grande_do_sul;GUARANY DE BAGÉ;GUARANY DE BAGÉ;;;
rio_grande_do_sul;IGREJINHA;IGREJINHA;;;
rio_grande_do_sul;INTER SM;INTER SM;;;
rio_grande_do_sul;INTERNACIONAL;INTERNACIONAL;;;
rio_grande_do_sul;INTERNACIONAL B;INTERNACIONAL B;;;
rio_grande_do_sul;JUVENTUDE;JUVENTUDE;;;
rio_grande_do_sul;JUVENTUDE B;JUVENTUDE B;;;
rio_grande_do_sul;LAJEADENSE;LAJEADENSE;;;
rio_grande_do_sul;MARAU;MARAU;;;
rio_grande_do_sul;MONSOON;MONSOON;;;
rio_grande_do_sul;NOVA PRATA;NOVA PRATA;;;
rio_grande_do_sul;NOVO HAMBURGO;NOVO HAMBURGO;;;
rio_grande_do_sul;NOVO HORIZONTE;NOVO HORIZONTE;;;
rio_grande_do_sul;PASSO FUNDO;PASSO FUNDO;;;
rio_grande_do_sul;PELOTAS;PELOTAS;;;
rio_grande_do_sul;PRS;PRS;;;
rio_grande_do_sul;REAL SPORT CLUB;REAL SPORT CLUB;;;
rio_grande_do_sul;RIO GRANDE;RIO GRANDE;;;
rio_grande_do_sul;RIOGRANDENSE;RIOGRANDENSE;;;
rio_grande_do_sul;RIOPARDENSE;RIOPARDENSE;;;
rio_grande_do_sul;SANTA CRUZ;SANTA CRUZ;;;
rio_grande_do_sul;SANTO ÂNGELO;SANTO ÂNGELO;;;
rio_grande_do_sul;SAPUCAIENSE;SAPUCAIENSE;;;
rio_grande_do_sul;SER CRUZ ALTA;SER CRUZ ALTA;;;
rio_grande_do_sul;SÃO BORJA;SÃO BORJA;;;
rio_grande_do_sul;SÃO GABRIEL;SÃO GABRIEL;;;
rio_grande_do_sul;SÃO JOSÉ;SÃO JOSÉ;;;
rio_grande_do_sul;SÃO LUIZ;SÃO LUIZ;;;
rio_grande_do_sul;SÃO PAULO;SÃO PAULO;;;
rio_grande_do_sul;TRÊS PASSOS;TRÊS PASSOS;;;
rio_grande_do_sul;UNIÃO FREDERIQUENSE;UNIÃO FREDERIQUENSE;;;
rio_grande_do_sul;UNIÃO HARMONIA;UNIÃO HARMONIA;;;
rio_grande_do_sul;YPIRANGA;YPIRANGA;;;
rondonia;BARCELONA;BARCELONA;;;
rondonia;GAZIN PORTO VELHO;GAZIN PORTO VELHO;;;
rondonia;GENUS;GENUS;;;
rondonia;GUAJARÁ;GUAJARÁ;;;
rondonia;GUAPORÉ;GUAPORÉ;;;
rondonia;JI-PARANÁ;JI-PARANÁ;;;
rondonia;PIMENTENSE;PIMENTENSE;;;
rondonia;PORTO VELHO;PORTO VELHO;;;
rondonia;PORTO VELHO ESPORTE CLUBE;PORTO VELHO ESPORTE CLUBE;;;
rondonia;REAL ARIQUEMES;REAL ARIQUEMES;;;
rondonia;ROLIM DE MOURA;ROLIM DE MOURA;;;
rondonia;RONDONIENSE;RONDONIENSE;;;
rondonia;UNIÃO CACOALENSE;UNIÃO CACOALENSE;;;
rondonia;VILHENA;VILHENA;;;
rondonia;VILHENENSE;VILHENENSE;;;
roraima;ATLÉTICO RORAIMA;ATLÉTICO RORAIMA;;;
roraima;BARÉ;BARÉ;;;
roraima;G.A.S;G.A.S;;;
roraima;GAS;GAS;;;
roraima;MONTE RORAIMA;MONTE RORAIMA;;;
roraima;NÁUTICO;NÁUTICO;;;
roraima;PROGRESSO;PROGRESSO;;;
roraima;REAL;REAL;;;
roraima;RIO NEGRO;RIO NEGRO;;;
roraima;RIVER;RIVER;;;
roraima;SAMPAIO;SAMPAIO;;;
roraima;SÃO RAIMUNDO;SÃO RAIMUNDO;;;
santa_catarina;ATLÉTICO BATISTENSE;ATLÉTICO BATISTENSE;;;
santa_catarina;ATLÉTICO CATARINENSE;ATLÉTICO CATARINENSE;;;
santa_catarina;ATLÉTICO ITAJAÍ;ATLÉTICO ITAJAÍ;;;
santa_catarina;ATLÉTICO TUBARÃO;ATLÉTICO TUBARÃO;;;
santa_catarina;AVAÍ;AVAÍ;;;
santa_catarina;AVAÍ B;AVAÍ B;;;
santa_catarina;BARRA;BARRA;;;
santa_catarina;BLUMENAU;BLUMENAU;;;
santa_catarina;BRUSQUE;BRUSQUE;;;
santa_catarina;CAMBORIÚ;CAMBORIÚ;;;
santa_catarina;CANOINHAS;CANOINHAS;;;
santa_catarina;CARAVAGGIO;CARAVAGGIO;;;
santa_catarina;CARLOS RENAUX;CARLOS RENAUX;;;
santa_catarina;CAÇADOR;CAÇADOR;;;
santa_catarina;CHAPECOENSE;CHAPECOENSE;;;
santa_catarina;CHAPECOENSE B;CHAPECOENSE B;;;
santa_catarina;CONCORDIA ATLÉTICO CLUBE;CONCORDIA ATLÉTICO CLUBE;;;
santa_catarina;CONCÓRDIA;CONCÓRDIA;;;
santa_catarina;CRICIÚMA;CRICIÚMA;;;
santa_catarina;CRICIÚMA B;CRICIÚMA B;;;
santa_catarina;FIGUEIRENSE;FIGUEIRENSE;;;
santa_catarina;FLUMINENSE DE JOINVILLE;FLUMINENSE DE JOINVILLE;;;
santa_catarina;GUARANI;GUARANI;;;
santa_catarina;HERCÍLIO LUZ;HERCÍLIO LUZ;;;
santa_catarina;IMBITUBA;IMBITUBA;;;
santa_catarina;INTER DE LAGES;INTER DE LAGES;;;
santa_catarina;JARAGUÁ;JARAGUÁ;;;
santa_catarina;JOINVILLE;JOINVILLE;;;
santa_catarina;JUVENTUS;JUVENTUS;;;
santa_catarina;JUVENTUS JARAGUÁ;JUVENTUS JARAGUÁ;;;
santa_catarina;MARCÍLIO DIAS;MARCÍLIO DIAS;;;
santa_catarina;METROPOLITANO;METROPOLITANO;;;
santa_catarina;NAVEGANTES;NAVEGANTES;;;
santa_catarina;NAÇÃO;NAÇÃO;;;
santa_catarina;ORLEANS;ORLEANS;;;
santa_catarina;PEDRA BRANCA;PEDRA BRANCA;;;
santa_catarina;PORTO;PORTO;;;
santa_catarina;PRÓSPERA;PRÓSPERA;;;
santa_catarina;SANTA CATARINA;SANTA CATARINA;;;
santa_catarina;TUBARÃO;TUBARÃO;;;
sao_paulo;AMPARO;AMPARO;;;
sao_paulo;AMÉRICA;AMÉRICA;;;
sao_paulo;ANDRADINA;ANDRADINA;;;
sao_paulo;ARAÇATUBA;ARAÇATUBA;;;
sao_paulo;ASSISENSE;ASSISENSE;;;
sao_paulo;ATIBAIA;ATIBAIA;;;
sao_paulo;ATLÉTICO MOGI;ATLÉTICO MOGI;;;
sao_paulo;BANDEIRANTE;BANDEIRANTE;;;
sao_paulo;BARCELONA ESPORTIVO;BARCELONA ESPORTIVO;;;
sao_paulo;BARRETOS;BARRETOS;;;
sao_paulo;BATATAIS;BATATAIS;;;
sao_paulo;BOTAFOGO;BOTAFOGO;;;
sao_paulo;BRASILIS;BRASILIS;;;
sao_paulo;CA VOTUPORANGUENSE;CA VOTUPORANGUENSE;;;
sao_paulo;CAPIVARIANO;CAPIVARIANO;;;
sao_paulo;CATANDUVA;CATANDUVA;;;
sao_paulo;COLORADO CAIEIRAS;COLORADO CAIEIRAS;;;
sao_paulo;COMERCIAL;COMERCIAL;;;
sao_paulo;CORINTHIANS;CORINTHIANS;;;
sao_paulo;DESPORTIVO BRASIL;DESPORTIVO BRASIL;;;
sao_paulo;ECUS;ECUS;;;
sao_paulo;ELOSPORT CAPÃO BONITO;ELOSPORT CAPÃO BONITO;;;
sao_paulo;FERNANDÓPOLIS;FERNANDÓPOLIS;;;
sao_paulo;FERROVIÁRIA;FERROVIÁRIA;;;
sao_paulo;FLAMENGO;FLAMENGO;;;
sao_paulo;FRANCANA;FRANCANA;;;
sao_paulo;GRÊMIO MAUAENSE;GRÊMIO MAUAENSE;;;
sao_paulo;GRÊMIO NOVORIZONTINO;GRÊMIO NOVORIZONTINO;;;
sao_paulo;GRÊMIO OSASCO;GRÊMIO OSASCO;;;
sao_paulo;GRÊMIO PRUDENTE;GRÊMIO PRUDENTE;;;
sao_paulo;GRÊMIO SÃO-CARLENSE;GRÊMIO SÃO-CARLENSE;;;
sao_paulo;GUARANI;GUARANI;;;
sao_paulo;GUARULHOS;GUARULHOS;;;
sao_paulo;INDEPENDENTE DE LIMEIRA;INDEPENDENTE DE LIMEIRA;;;
sao_paulo;INTER DE BEBEDOURO;INTER DE BEBEDOURO;;;
sao_paulo;INTER DE LIMEIRA;INTER DE LIMEIRA;;;
sao_paulo;ITAPIRENSE;ITAPIRENSE;;;
sao_paulo;ITARARÉ;ITARARÉ;;;
sao_paulo;ITUANO;ITUANO;;;
sao_paulo;JABAQUARA;JABAQUARA;;;
sao_paulo;JOSEENSE;JOSEENSE;;;
sao_paulo;JUVENTUS;JUVENTUS;;;
sao_paulo;LEMENSE;LEMENSE;;;
sao_paulo;LINENSE;LINENSE;;;
sao_paulo;MANTHIQUEIRA;MANTHIQUEIRA;;;
sao_paulo;MARÍLIA;MARÍLIA;;;
sao_paulo;MATONENSE;MATONENSE;;;
sao_paulo;MAUÁ;MAUÁ;;;
sao_paulo;MIRASSOL;MIRASSOL;;;
sao_paulo;MOGI MIRIM;MOGI MIRIM;;;
sao_paulo;MONTE AZUL;MONTE AZUL;;;
sao_paulo;NACIONAL;NACIONAL;;;
sao_paulo;NOROESTE;NOROESTE;;;
sao_paulo;NOVORIZONTINO;NOVORIZONTINO;;;
sao_paulo;OESTE;OESTE;;;
sao_paulo;OLÍMPIA;OLÍMPIA;;;
sao_paulo;OSASCO;OSASCO;;;
sao_paulo;OSASCO AUDAX;OSASCO AUDAX;;;
sao_paulo;OSVALDO CRUZ;OSVALDO CRUZ;;;
sao_paulo;PALMEIRAS;PALMEIRAS;;;
sao_paulo;PAULISTA;PAULISTA;;;
sao_paulo;PENAPOLENSE;PENAPOLENSE;;;
sao_paulo;PONTE PRETA;PONTE PRETA;;;
sao_paulo;PORTUGUESA;PORTUGUESA;;;
sao_paulo;PORTUGUESA SANTISTA;PORTUGUESA SANTISTA;;;
sao_paulo;PRIMAVERA;PRIMAVERA;;;
sao_paulo;RED BULL BRAGANTINO;RED BULL BRAGANTINO;;;
sao_paulo;RED BULL BRAGANTINO II;RED BULL BRAGANTINO II;;;
sao_paulo;RED BULL BRASIL;RED BULL BRASIL;;;
sao_paulo;RIO BRANCO;RIO BRANCO;;;
sao_paulo;RIO CLARO;RIO CLARO;;;
sao_paulo;RIO PRETO;RIO PRETO;;;
sao_paulo;SANTACRUZENSE;SANTACRUZENSE;;;
sao_paulo;SANTO ANDRÉ;SANTO ANDRÉ;;;
sao_paulo;SANTOS;SANTOS;;;
sao_paulo;SERTÃOZINHO;SERTÃOZINHO;;;
sao_paulo;SKA BRASIL;SKA BRASIL;;;
sao_paulo;SPORT ATIBAIA;SPORT ATIBAIA;;;
sao_paulo;SÃO BENTO;SÃO BENTO;;;
sao_paulo;SÃO BERNARDO;SÃO BERNARDO;;;
sao_paulo;SÃO CAETANO;SÃO CAETANO;;;
sao_paulo;SÃO CARLOS;SÃO CARLOS;;;
sao_paulo;SÃO JOSÉ;SÃO JOSÉ;;;
sao_paulo;SÃO PAULO;SÃO PAULO;;;
sao_paulo;TANABI;TANABI;;;
sao_paulo;TAQUARITINGA;TAQUARITINGA;;;
sao_paulo;TAUBATÉ;TAUBATÉ;;;
sao_paulo;TUPÃ;TUPÃ;;;
sao_paulo;UNIÃO BARBARENSE;UNIÃO BARBARENSE;;;
sao_paulo;UNIÃO MOGI;UNIÃO MOGI;;;
sao_paulo;UNIÃO SUZANO;UNIÃO SUZANO;;;
sao_paulo;UNIÃO SÃO JOÃO;UNIÃO SÃO JOÃO;;;
sao_paulo;VELO CLUBE;VELO CLUBE;;;
sao_paulo;VOCEM;VOCEM;;;
sao_paulo;VOTUPORANGUENSE;VOTUPORANGUENSE;;;
sao_paulo;XV DE JAÚ;XV DE JAÚ;;;
sao_paulo;XV DE PIRACICABA;XV DE PIRACICABA;;;
sao_paulo;ÁGUA SANTA;ÁGUA SANTA;;;
sergipe;AD CARMÓPOLIS;AD CARMÓPOLIS;;;
sergipe;AMADENSE;AMADENSE;;;
sergipe;AMÉRICA;AMÉRICA;;;
sergipe;AMÉRICA DE PEDRINHAS;AMÉRICA DE PEDRINHAS;;;
sergipe;ARACAJU;ARACAJU;;;
sergipe;ATLÉTICO CENTRAL;ATLÉTICO CENTRAL;;;
sergipe;ATLÉTICO GLORIENSE;ATLÉTICO GLORIENSE;;;
sergipe;BARRA;BARRA;;;
sergipe;BOCA JÚNIOR;BOCA JÚNIOR;;;
sergipe;BOQUINHENSE;BOQUINHENSE;;;
sergipe;BOTAFOGO;BOTAFOGO;;;
sergipe;CANINDÉ;CANINDÉ;;;
sergipe;CONFIANÇA;CONFIANÇA;;;
sergipe;CORITIBA;CORITIBA;;;
sergipe;COTINGUIBA;COTINGUIBA;;;
sergipe;DESPORTIVA ARACAJU;DESPORTIVA ARACAJU;;;
sergipe;DORENSE;DORENSE;;;
sergipe;ESTANCIANO;ESTANCIANO;;;
sergipe;FALCON;FALCON;;;
sergipe;FLAMENGO;FLAMENGO;;;
sergipe;FORÇA JOVEM AQUIDABÃ;FORÇA JOVEM AQUIDABÃ;;;
sergipe;FREI PAULISTANO;FREI PAULISTANO;;;
sergipe;GUARANY;GUARANY;;;
sergipe;INDEPENDENTE;INDEPENDENTE;;;
sergipe;ITABAIANA;ITABAIANA;;;
sergipe;LAGARTO;LAGARTO;;;
sergipe;MARUINENSE;MARUINENSE;;;
sergipe;OLÍMPICO;OLÍMPICO;;;
sergipe;PROPRIÁ;PROPRIÁ;;;
sergipe;RIACHÃO;RIACHÃO;;;
sergipe;SANTA CRUZ RIACHUELO;SANTA CRUZ RIACHUELO;;;
sergipe;SERGIPE;SERGIPE;;;
sergipe;SETE DE JUNHO;SETE DE JUNHO;;;
sergipe;SOCORRENSE;SOCORRENSE;;;
sergipe;SOCORRO;SOCORRO;;;
tocantins;ALVORADA;ALVORADA;;;
tocantins;ARAGUACEMA;ARAGUACEMA;;;
tocantins;ARAGUAIA DE PALMAS;ARAGUAIA DE PALMAS;;;
tocantins;ARAGUAÍNA;ARAGUAÍNA;;;
tocantins;ARSENAL;ARSENAL;;;
tocantins;ATLÉTICO CERRADO;ATLÉTICO CERRADO;;;
tocantins;BATALHÃO;BATALHÃO;;;
tocantins;BELA VISTA;BELA VISTA;;;
tocantins;CAPITAL;CAPITAL;;;
tocantins;CENTRAL PARAÍSO;CENTRAL PARAÍSO;;;
tocantins;COLINAS;COLINAS;;;
tocantins;GUARAÍ;GUARAÍ;;;
tocantins;GURUPI;GURUPI;;;
tocantins;INTERPORTO;INTERPORTO;;;
tocantins;MIRANORTE;MIRANORTE;;;
tocantins;NOVA CONQUISTA;NOVA CONQUISTA;;;
tocantins;PALMAS;PALMAS;;;
tocantins;PARAÍSO;PARAÍSO;;;
tocantins;SPARTA;SPARTA;;;
tocantins;SÃO JOSÉ;SÃO JOSÉ;;;
tocantins;TAQUARUSSÚ;TAQUARUSSÚ;;;
tocantins;TOCANTINS MIRACEMA;TOCANTINS MIRACEMA;;;
tocantins;TOCANTINÓPOLIS;TOCANTINÓPOLIS;;;
tocantins;UNIÃO ATLÉTICA ARAGUAINENSE;UNIÃO ATLÉTICA ARAGUAINENSE;;;
tocantins;UNIÃO ATLÉTICO;UNIÃO ATLÉTICO;;;
tocantins;UNIÃO ATLÉTICO CLUBE;UNIÃO ATLÉTICO CLUBE;;;
tocantins;UNIÃO DE PALMAS;UNIÃO DE PALMAS;;;
