estado;clube;clube_canonical
acre;ADESG;ADESG
acre;ANDIRÁ;Andirá Esporte Clube
acre;ATLÉTICO;Atlético Acreano
acre;GALVEZ;Galvez Esporte Clube
acre;HUMAITÁ;Sport Club Humaitá
acre;INDEPENDÊNCIA;Independência Futebol Clube
acre;NÁUAS;Náuas Esporte Clube
acre;PLÁCIDO DE CASTRO;Plácido de Castro Futebol Clube
acre;RIO BRANCO;Rio Branco Football Club
acre;SANTA CRUZ;Santa Cruz Futebol Clube
acre;SÃO FRANCISCO;São Francisco Futebol Clube
acre;VASCO DA GAMA;Vasco da Gama Futebol Clube
alagoas;AGRIMAQ JEQUIAENSE;Agrimaq Jequiá
alagoas;ASA;Agremiação Sportiva Arapiraquense
alagoas;CEO;Clube Esportivo Olhodaguense
alagoas;CORURIPE;Associação Atlética Coruripe
alagoas;CRB;Clube de Regatas Brasil
alagoas;CRB B;Clube de Regatas Brasil
alagoas;CRUZEIRO;Cruzeiro de Arapiraca
alagoas;CSA;Centro Sportivo Alagoano
alagoas;CSA B;Centro Sportivo Alagoano
alagoas;CSE;Clube Sociedade Esportiva
alagoas;DESPORTIVO ALIANÇA;Desportivo Aliança
alagoas;DIMENSÃO SAÚDE;Dimensão Saúde
alagoas;DÍNAMO;Dínamo Esporte Clube
alagoas;FF SPORT;FF Sport Nova Cruz
alagoas;GUARANY;Guarany Alagoano
alagoas;IGACI;Igaci Futebol Clube
alagoas;JACIOBÁ;Jaciobá Atlético Clube
alagoas;MIGUELENSE;Miguelense Futebol Clube
alagoas;MURICI;Murici Futebol Clube
alagoas;PENEDENSE;Sport Club Penedense
alagoas;SÃO DOMINGOS;São Domingos Futebol Clube
alagoas;ZUMBI;Zumbi Esporte Clube
amapa;ADEC;Associação Desportiva e Esportiva Calçoene
amapa;BARE;Atlético Roraima Clube
amapa;CANÁRIO;Canário
amapa;CRISTAL;Cristal
amapa;CRUZEIRO;Cruzeiro
amapa;INDEPENDENTE;Independente
amapa;LAGOA;Lagoa
amapa;LATITUDE ZERO;Latitude Zero
amapa;MACAPÁ;Esporte Clube Macapá
amapa;MAZAGÃO;Mazagão Atlético Clube
amapa;ORATÓRIO;Oratório Recreativo Clube
amapa;PORTUGUESA;Associação Desportiva Portuguesa
amapa;RENOVAÇÃO;Renovação Esporte Clube
amapa;SANTANA;Santana Esporte Clube
amapa;SANTOS;Santos-AP
amapa;SÃO JOSÉ;São José-AP
amapa;SÃO PAULO;São Paulo-AP
amapa;TREM;Trem Desportivo Clube
amapa;YPIRANGA;Ypiranga Clube
amazonas;ALVORADA;Alvorada Esporte Clube
amazonas;AMAZONAS;Amazonas Futebol Clube
amazonas;ATLÉTICO AMAZONENSE;Atlético Amazonense
amazonas;CDC DA AMAZÔNIA;CDC Manicoré
amazonas;CLIPER;Cliper
amazonas;FAST CLUBE;Nacional Fast Clube
amazonas;IRANDUBA;Iranduba da Amazônia
amazonas;ITACOATIARA;Itacoatiara Esporte Clube
amazonas;JC FUTEBOL CLUBE;JC Futebol Clube
amazonas;LIBRADE;Librade
amazonas;MANAUARA;Manauara Esporte Clube
amazonas;MANAUS;Manaus Futebol Clube
amazonas;NACIONAL;Nacional Futebol Clube
amazonas;OPERÁRIO;Operário Esporte Clube
amazonas;PARINTINS;Parintins Futebol Clube
amazonas;PENAROL;Penarol Atlético Clube
amazonas;PRINCESA;Princesa do Solimões Esporte Clube
amazonas;PRINCESA DO SOLIMÕES;Princesa do Solimões Esporte Clube
amazonas;RB DO NORTE;Red Bull do Norte
amazonas;RIO NEGRO;Atlético Rio Negro Clube
amazonas;SETE;Sete de Setembro Esporte Clube
amazonas;SUL AMÉRICA;Sul América Esporte Clube
amazonas;SÃO RAIMUNDO;São Raimundo Esporte Clube
amazonas;TARUMÃ;Atlético Clube Tarumã
bahia;ATLÉTICO;Atlético de Alagoinhas
bahia;BAHIA;Esporte Clube Bahia
bahia;BAHIA DE FEIRA;Associação Desportiva Bahia de Feira
bahia;BARCELONA DE ILHÉUS;Barcelona Futebol Clube
bahia;BOTAFOGO;Botafogo Sport Club
bahia;CAMAÇARI;Camaçari Futebol Clube
bahia;CAMAÇARIENSE;Sport Club Camaçariense
bahia;CANAÃ;Canaã Esporte Clube
bahia;COLO COLO;Colo Colo de Futebol e Regatas
bahia;DOCE MEL;Doce Mel Esporte Clube
bahia;FEIRENSE;Associação Desportivaatlética Feirense
bahia;FLAMENGO DE GUANAMBI;Flamengo de Guanambi
bahia;FLUMINENSE DE FEIRA;Fluminense de Feira Futebol Clube
bahia;GALÍCIA;Galícia Esporte Clube
bahia;GRAPIÚNA;Grapiúna Atlético Clube
bahia;ITABUNA;Itabuna Esporte Clube
bahia;JACOBINA;Jacobina Esporte Clube
bahia;JACOBINENSE;Jacobinense Esporte Clube
bahia;JACUIPENSE;Esporte Clube Jacuipense
bahia;JEQUIÉ;Associação Desportiva Jequié
bahia;JUAZEIRENSE;Sociedade Desportiva Juazeirense
bahia;JUAZEIRO;Juazeiro Social Clube
bahia;LEÔNICO;Esporte Clube Leônico
bahia;PORTELA;Portela Futebol Clube
bahia;PORTO;Porto Sport Club
bahia;SSA;SSA Futebol Clube
bahia;TEIXEIRA DE FREITAS;Associação Atlética Portela Teixeira de Freitas
bahia;UNIRB;UNIRB Futebol Clube
bahia;VITÓRIA;Esporte Clube Vitória
bahia;VITÓRIA DA CONQUISTA;Esporte Clube Primeiro Passo Vitória da Conquista
bahia;YPIRANGA;Esporte Clube Ypiranga
ceara;ALIANÇA;Aliança Atlético Clube
ceara;ANJOS DO CÉU;Anjos do Céu
ceara;ARSENAL CARIDADE;Arsenal de Caridade
ceara;ATLÉTICO;Atlético Cearense
ceara;ATLÉTICO CEARENSE;Atlético Cearense
ceara;BARBALHA;Barbalha Futebol Clube
ceara;CALOUROS DO AR;Calouros do Ar Futebol Clube
ceara;CAMPO GRANDE;Campo Grande Esporte Clube
ceara;CARIRI;Cariri Futebol Clube
ceara;CAUCAIA;Caucaia Esporte Clube
ceara;CEARÁ;Ceará Sporting Club
ceara;CEARÁ B;Ceará Sporting Club
ceara;CRATEÚS;Crateús Esporte Clube
ceara;CRATO;Crato Esporte Clube
ceara;ESPORTE LIMOEIRO;Esporte Limoeiro
ceara;FERROVIÁRIO;Ferroviário Atlético Clube
ceara;FLORESTA;Floresta Esporte Clube
ceara;FORTALEZA;Fortaleza Esporte Clube
ceara;FORTALEZA B;Fortaleza Esporte Clube
ceara;GRÊMIO PAGUE MENOS;Grêmio Pague Menos
ceara;GUARANI DE JUAZEIRO;Guarani de Juazeiro
ceara;GUARANY;Guarany de Sobral
ceara;GUARANY DE SOBRAL;Guarany de Sobral
ceara;HORIZONTE;Horizonte Futebol Clube
ceara;ICASA;Associação Desportiva Recreativa Cultural Icasa
ceara;IGUATU;Associação Desportiva Iguatu
ceara;ITAPIPOCA;Itapipoca Esporte Clube
ceara;ITAREMA;Itarema Esporte Clube
ceara;MARACANÃ;Maracanã Esporte Clube
ceara;MARANGUAPE;Maranguape Futebol Clube
ceara;PACAJUS;Pacajus Esporte Clube
ceara;PACATUBA;Pacatuba Esporte Clube
ceara;QUIXADÁ;Quixadá Futebol Clube
ceara;TERRA E MAR;Terra e Mar Clube
ceara;TIANGUÁ;Tianguá Esporte Clube
ceara;TIRADENTES;Associação Esportiva Tiradentes
ceara;TIROL;Tirol
ceara;UNIÃO;União
ceara;VILA REAL;Vila Real
distrito_federal;ARUC;ARUC
distrito_federal;BOLAMENSE;Bolamense
distrito_federal;BRASILIENSE;Brasiliense
distrito_federal;BRASÍLIA;Brasília Futebol Clube
distrito_federal;BRAZLÂNDIA;Associação Atlética Brazlândia
distrito_federal;CANAÃ;Canaã Esporte Clube
distrito_federal;CANDANGO;Candango Futebol Clube
distrito_federal;CAPITAL;Capital Clube de Futebol
distrito_federal;CAPITAL CF;Capital Clube de Futebol
distrito_federal;CEILANDENSE;Clube Esporte Ceilandense
distrito_federal;CEILÂNDIA;Ceilândia Esporte Clube
distrito_federal;CRUZEIRO;Cruzeiro Esporte Clube
distrito_federal;GAMA;Sociedade Esportiva do Gama
distrito_federal;LEGIÃO;Legião Futebol Clube
distrito_federal;PARANOÁ;Paranoá Esporte Clube
distrito_federal;PLANALTINA;Planaltina Esporte Clube
distrito_federal;REAL BRASÍLIA;Real Brasília Futebol Clube
distrito_federal;RIACHO CITY;Riacho City Futebol Clube
distrito_federal;SAMAMBAIA;Samambaia Futebol Clube
distrito_federal;SANTA MARIA;Sociedade Esportiva Santa Maria
distrito_federal;SESP SAMAMBAENSE;SESP Samambaense
distrito_federal;SOBRADINHO;Sobradinho Esporte Clube
distrito_federal;TAGUATINGA;Taguatinga Esporte Clube
espirito_santo;ASTER BRASIL;Aster Brasil Futebol Clube
espirito_santo;AT. ITAPEMIRIM;Atlético Itapemirim
espirito_santo;CAPIXABA;Capixaba Sporting Club
espirito_santo;CASTELO;Castelo Futebol Clube
espirito_santo;CTE COLATINA;CTE Colatina
espirito_santo;DESPORTIVA FERROVIÁRIA;Desportiva Ferroviária
espirito_santo;ESTRELA DO NORTE;Estrela do Norte
espirito_santo;FORTE;Forte
espirito_santo;GEL;GEL
espirito_santo;GÁLATAS;Gálatas
espirito_santo;JAGUARÉ;Jaguaré Esporte Clube
espirito_santo;LINHARES;Linhares Futebol Clube
espirito_santo;NOVA VENÉCIA;Nova Venécia Futebol Clube
espirito_santo;PINHEIROS;Pinheiros Futebol Clube
espirito_santo;PORTO VITÓRIA;Porto Vitória Futebol Clube
espirito_santo;REAL NOROESTE;Real Noroeste Capixaba Futebol Clube
espirito_santo;RIO BRANCO;Rio Branco Atlético Clube
espirito_santo;RIO BRANCO - VN;Rio Branco de Venda Nova
espirito_santo;RIO BRANCO DE VENDA NOVA;Rio Branco de Venda Nova
espirito_santo;SERRA;Serra Futebol Clube
espirito_santo;SPORT CAPIXABA;Sport Clube Capixaba
espirito_santo;SÃO MATEUS;Associação Atlética São Mateus
espirito_santo;TUPY;Tupy Futebol Clube
espirito_santo;VILAVELHENSE;Vilavelhense Futebol Clube
espirito_santo;VITÓRIA;Vitória Futebol Clube
goias;ABD;Associação Beneficente e Desportiva
goias;ABECAT OUVIDORENSE;Abecat Ouvidorense
goias;AMÉRICA;América Futebol Clube
goias;ANAPOLINA;Associação Atlética Anapolina
goias;ANÁPOLIS;Anápolis Futebol Clube
goias;APARECIDA;Aparecida Esporte Clube
goias;APARECIDENSE;Associação Atlética Aparecidense
goias;ASEEV;Associação Esportiva Evangélica
goias;ATLÉTICO GOIANIENSE;Atlético Clube Goianiense
goias;BELA VISTA;Bela Vista Futebol Clube
goias;BOM JESUS;Bom Jesus Esporte Clube
goias;BOTAFOGO;Botafogo Futebol Clube
goias;CENTRO OESTE;Centro Oeste Futebol Clube
goias;CERRADO;Cerrado Esporte Clube
goias;CRAC;Clube Recreativo e Atlético Catalano
goias;CRIXÁS;Crixás Esporte Clube
goias;FORMOSA;Bosque Formosa Esporte Clube
goias;GOIANÉSIA;Goianésia Esporte Clube
goias;GOIATUBA;Goiatuba Esporte Clube
goias;GOIÁS;Goiás Esporte Clube
goias;GOIÂNIA;Goiânia Esporte Clube
goias;GRÊMIO ANÁPOLIS;Grêmio Anápolis
goias;GRÊMIO VALPARAÍSO;Grêmio Valparaíso
goias;GUANABARA CITY;Guanabara City
goias;INDEPENDENTE DE RIO VERDE;Independente de Rio Verde
goias;INHUMAS;Inhumas
goias;IPORÁ;Iporá
goias;ITABERAÍ;Itaberaí Esporte Clube
goias;ITUMBIARA;Itumbiara Esporte Clube
goias;JARAGUÁ;Jaraguá Esporte Clube
goias;JATAIENSE;Associação Atlética Jataiense
goias;LUZIÂNIA;Associação Atlética Luziânia
goias;MINEIROS;Mineiros Esporte Clube
goias;MONTE CRISTO;Monte Cristo Esporte Clube
goias;MORRINHOS;Morrinhos Futebol Clube
goias;PIRES DO RIO;Pires do Rio Futebol Clube
goias;RIO VERDE;Esporte Clube Rio Verde
goias;RIOVERDENSE;Associação Esportiva Rioverdense
goias;ROYAL;Royal Esporte Clube
goias;SANTA HELENA;Santa Helena Esporte Clube
goias;TRINDADE;Trindade Atlético Clube
goias;TUPY;Tupy de Jussara
goias;UNIÃO INHUMAS;União Inhumas Esporte Clube
goias;URUAÇU;Uruaçu Futebol Clube
goias;VILA NOVA;Vila Nova Futebol Clube
maranhao;AMERICANO;Americano Futebol Clube
maranhao;ARAIOSES;Araioses Futebol Clube
maranhao;ATLÉTICO BACABAL;Atlético Bacabal Esporte Clube
maranhao;BACABAL;Bacabal Esporte Clube
maranhao;BALSAS;Balsas Esporte Clube
maranhao;CHAPADINHA;Chapadinha Futebol Clube
maranhao;CORDINO;Cordino Esporte Clube
maranhao;EXPRESSINHO;Expressinho Futebol Clube
maranhao;IAPE;IAPE
maranhao;IMPERATRIZ;Sociedade Imperatriz de Desportos
maranhao;ITZ SPORT;ITZ Sport
maranhao;JUVENTUDE;Sociedade Esportiva Juventude
maranhao;LAGO VERDE;Lago Verde Esporte Clube
maranhao;LUMINENSE;Luminense Futebol Clube
maranhao;MARANHÃO;Maranhão Atlético Clube
maranhao;MOTO CLUB;Moto Club de São Luís
maranhao;PINHEIRO;Pinheiro Atlético Clube
maranhao;SABIÁ;Sabiá Futebol Clube
maranhao;SAMPAIO CORRÊA;Sampaio Corrêa Futebol Clube
maranhao;SÃO JOSÉ;Sociedade Esportiva São José
maranhao;SÃO LUÍS;São Luís Futebol Clube
maranhao;TUNTUM;Tuntum Esporte Clube
maranhao;TUPAN;Tupan Atlético Clube
maranhao;VIANA;Viana Esporte Clube
mato_grosso;ACADEMIA;Academia Futebol Clube
mato_grosso;ARAGUAIA;ARAGUAIA
mato_grosso;ATLÉTICO;Clube Atlético Matogrossense
mato_grosso;AÇÃO;Ação Futebol
mato_grosso;CACERENSE;Cacerense Esporte Clube
mato_grosso;CAMPO NOVO;Campo Novo Esporte Clube
mato_grosso;CEOV OPERÁRIO;Clube Esportivo Operário Várzea-Grandense
mato_grosso;CHAPADA;Chapada Futebol Clube
mato_grosso;CUIABÁ;Cuiabá Esporte Clube
mato_grosso;CUIABÁ B;Cuiabá Esporte Clube
mato_grosso;CÁCERES;Cáceres Esporte Clube
mato_grosso;DOM BOSCO;Clube Esportivo Dom Bosco
mato_grosso;JUARA;Juara Atlético Clube
mato_grosso;LUVERDENSE;Luverdense Esporte Clube
mato_grosso;MIXTO;Mixto Esporte Clube
mato_grosso;MUTUM;Nova Mutum Esporte Clube
mato_grosso;NOVA MUTUM;Nova Mutum Esporte Clube
mato_grosso;OPERÁRIO;Clube Esportivo Operário Várzea-Grandense
mato_grosso;OPERÁRIO CEOV;Operário Várzea-Grandense
mato_grosso;PAULISTANO;Paulistano Esporte Clube
mato_grosso;POCONÉ;Poconé Esporte Clube
mato_grosso;PRIMAVERA;Primavera Atlético Clube
mato_grosso;RONDONÓPOLIS;Rondonópolis Esporte Clube
mato_grosso;SANTA CRUZ;Santa Cruz Esporte Clube
mato_grosso;SINOP;Sinop Futebol Clube
mato_grosso;SORRISO;Sorriso Esporte Clube
mato_grosso;SPORT SINOP;Sport Sinop
mato_grosso;UIRAPURU;Uirapuru Esporte Clube
mato_grosso;UNIÃO DE RONDONÓPOLIS;União Esporte Clube
mato_grosso;UNIÃO RONDONÓPOLIS;União Esporte Clube
mato_grosso_do_sul;7 DE SETEMBRO;7 de Setembro
mato_grosso_do_sul;AQUIDAUANENSE;Aquidauanense
mato_grosso_do_sul;BATAGUASSU;Bataguassu
mato_grosso_do_sul;CEART;Ceart
mato_grosso_do_sul;COMERCIAL;Comercial
mato_grosso_do_sul;COMERCIAL DE TRÊS LAGOAS;Comercial de Três Lagoas
mato_grosso_do_sul;CORUMBAENSE;Corumbaense Futebol Clube
mato_grosso_do_sul;COSTA RICA;Costa Rica Esporte Clube
mato_grosso_do_sul;COXIM;Coxim Atlético Clube
mato_grosso_do_sul;CR AQUIDAUANA;Aquidauanense Futebol Clube
mato_grosso_do_sul;DOURADOS;Dourados Atlético Clube
mato_grosso_do_sul;IVINHEMA;Ivinhema Futebol Clube
mato_grosso_do_sul;MARACAJU;Maracaju Atlético Clube
mato_grosso_do_sul;MISTO;Misto Esporte Clube
mato_grosso_do_sul;MORENINHAS;Esporte Clube Moreninhas
mato_grosso_do_sul;NAVIRAIENSE;Clube Esportivo Naviraiense
mato_grosso_do_sul;NOVA ANDRADINA;Sociedade Esportiva Nova Andradina
mato_grosso_do_sul;NOVOPERÁRIO;Novoperário Futebol Clube
mato_grosso_do_sul;NÁUTICO;Clube Náutico Futebol Clube
mato_grosso_do_sul;OPERÁRIO;Operário Futebol Clube
mato_grosso_do_sul;PANTANAL;Pantanal Futebol Clube
mato_grosso_do_sul;PONTAPORANENSE;Clube Esportivo Pontaporanense
mato_grosso_do_sul;PORTUGUESA;Associação Atlética Portuguesa
mato_grosso_do_sul;SERC;Sociedade Esportiva e Recreativa Chapadão
mato_grosso_do_sul;SÃO GABRIEL;Sociedade Esportiva São Gabriel
mato_grosso_do_sul;TAVEIRÓPOLIS;Esporte Clube Taveirópolis
mato_grosso_do_sul;TRÊS LAGOAS;Três Lagoas Sport Club
mato_grosso_do_sul;UNIÃO;União Futebol Clube
mato_grosso_do_sul;ÁGUIA NEGRA;Esporte Clube Águia Negra
minas_gerais;AE PARACATU;Paracatu Futebol Clube
minas_gerais;AMÉRICA MINEIRO;América Futebol Clube
minas_gerais;AMÉRICA T.O;América Futebol Clube (Teófilo Otoni)
minas_gerais;ARAGUARI;Araguari Atlético Clube
minas_gerais;ARAXÁ;Araxá Esporte Clube
minas_gerais;ATHLETIC;Athletic Club
minas_gerais;ATHLETIC CLUB;Athletic Club
minas_gerais;ATL. TRÊS CORAÇÕES;Atlético Clube Três Corações
minas_gerais;ATLHETIC CE;Athletic Club
minas_gerais;ATLÉTICO MINEIRO;Clube Atlético Mineiro
minas_gerais;ATLÉTICO PATROCINENSE;Clube Atlético Patrocinense
minas_gerais;AYMORÉS;Clube Atlético Aymorés
minas_gerais;BETIM FUTEBOL;Betim Futebol
minas_gerais;BETIS;Betis Futebol Clube
minas_gerais;BOA;Boa Esporte Clube
minas_gerais;BOA ESPORTE;Boa Esporte Clube
minas_gerais;BOSTON CITY BRASIL;Boston City Futebol Clube Brasil
minas_gerais;CA PATROCINENSE;Clube Atlético Patrocinense
minas_gerais;CALDENSE;Associação Atlética Caldense
minas_gerais;CAP DE UBERLÂNDIA;Clube Atlético Portal
minas_gerais;COIMBRA;Coimbra Esporte Clube
minas_gerais;COIMBRA-MG B;Coimbra Esporte Clube
minas_gerais;CONTAGEM;Contagem Esporte Clube
minas_gerais;CRUZEIRO;Cruzeiro Esporte Clube
minas_gerais;DEMOCRATA;Esporte Clube Democrata
minas_gerais;ESSUBE;ESSUBE
minas_gerais;FIGUEIRENSE;Figueirense Esporte Clube
minas_gerais;GUARANI;Guarani Esporte Clube
minas_gerais;INTER DE MINAS;Associação Atlética Internacional de Minas Gerais
minas_gerais;INTER SÃO GOTARDO;Esporte Clube Internacional
minas_gerais;IPATINGA;Ipatinga Futebol Clube
minas_gerais;ITABIRITO;Itabirito Futebol Clube
minas_gerais;JUVENTUS DE MINAS NOVAS;JUVENTUS DE MINAS NOVAS
minas_gerais;MAMORÉ;Esporte Clube Mamoré
minas_gerais;MANCHESTER FUTEBOL;Manchester Futebol
minas_gerais;NACIONAL ATL. MURIAÉ;Nacional Atlético Clube
minas_gerais;NACIONAL UBERABA;Nacional Futebol Clube
minas_gerais;NORTH ESPORTE CLUBE;North Esporte Clube
minas_gerais;NOVO ESPORTE;Novo Esporte Clube Ipatinga
minas_gerais;PASSOS;Esporte Clube Passos
minas_gerais;PATROCINENSE;Clube Atlético Patrocinense
minas_gerais;PIRAPORA;Pirapora Futebol Clube
minas_gerais;POUSO ALEGRE;Pouso Alegre Futebol Clube
minas_gerais;POÇOS DE CALDAS;Poços de Caldas Futebol Clube
minas_gerais;SANTARRITENSE;Associação Esportiva Santarritense
minas_gerais;SERRANENSE;Esporte Clube Serranense
minas_gerais;SOCIAL;Social Futebol Clube
minas_gerais;TOMBENSE;Tombense Futebol Clube
minas_gerais;TUPI;Tupi Football Club
minas_gerais;TUPYNAMBÁS;Tupynambás Futebol Clube
minas_gerais;UBERABA;Uberaba Sport Club
minas_gerais;UBERLÂNDIA;Uberlândia Esporte Clube
minas_gerais;UNAÍ;Unaí Esporte Clube
minas_gerais;UNIÃO LUZIENSE;União Luziense Esporte Clube
minas_gerais;URT;União Recreativa dos Trabalhadores
minas_gerais;VALERIODOCE;Valeriodoce Esporte Clube
minas_gerais;VARGINHA;Varginha Esporte Clube
minas_gerais;VILLA NOVA;Villa Nova Atlético Clube
minas_gerais;VILLA REAL;Villa Real Esporte Clube
para;AGUIA DE MARABA;Águia de Marabá Futebol Clube
para;ALTAMIRA;Altamira Esporte Clube
para;AMAZÔNIA INDEPENDENTE;Amazônia Independente
para;ATLÉTICO PARAENSE;Atlético Paraense
para;BELENENSE;Belenense
para;BRAGANTINO;Bragantino Clube do Pará
para;CAETÉ;Caeté
para;CAMETÁ;Cametá Sport Club
para;CANAÃ;Canaã Esporte Clube
para;CAPITÃO POÇO;CAPITÃO POÇO
para;CARAJÁS;Carajás Esporte Clube
para;CASTANHAL;Castanhal Esporte Clube
para;ESMAC;Escola Superior Madre Celeste
para;FONTE NOVA;Fonte Nova Esporte Clube
para;GAVIÃO KYIKATEJÊ;Gavião Kyikatejê
para;GRÊMIO CARAJÁS;Grêmio Carajás
para;INDEPENDENTE;Independente Atlético Clube
para;INDEPENDENTE TUCURUÍ;Independente Atlético Clube
para;ITUPIRANGA;Esporte Clube Itupiranga
para;IZABELENSE;Sport Club Izabelense
para;MARAJÓ;Marajó Esporte Clube
para;PARAENSE;Paraense Sport Club
para;PARAGOMINAS;Paragominas Futebol Clube
para;PARAUAPEBAS;Parauapebas Futebol Clube
para;PAYSANDU;Paysandu Sport Club
para;PEDREIRA;Pedreira Esporte Clube
para;PINHEIRENSE;Pinheirense Esporte Clube
para;REMO;Clube do Remo
para;SANTA ROSA;Associação Atlética Santa Rosa
para;SANTOS;Santos Futebol Clube
para;SPORT BELÉM;Sport Club Belém
para;SPORTING MARACANÃ;Sporting Maracanã Esporte Clube
para;SÃO FRANCISCO;São Francisco Futebol Clube
para;SÃO RAIMUNDO;São Raimundo Esporte Clube
para;TAPAJÓS;Tapajós Esporte Clube
para;TESLA;Tesla Futebol Clube
para;TIRADENTES;Associação Atlética Tiradentes
para;TUNA LUSO;Tuna Luso Brasileira
para;UNIÃO PARAENSE;União Paraense
para;URUMAJÓ;Urumajó
para;VILA RICA;Vila Rica
para;VÊNUS;Vênus
para;ÁGUIA;Águia de Marabá
paraiba;ATLÉTICO;Atlético Cajazeirense de Desportos
paraiba;ATLÉTICO DE CAJAZEIRAS;Atlético Cajazeirense de Desportos
paraiba;AUTO ESPORTE;Auto Esporte Clube
paraiba;BOTAFOGO;Botafogo Futebol Clube
paraiba;BOTAFOGO PB;Botafogo Futebol Clube
paraiba;CAMPINENSE;Campinense Clube
paraiba;CONFIANÇA;Associação Desportiva Confiança
paraiba;CRUZEIRO;Cruzeiro de Itaporanga
paraiba;CSP;Centro Sportivo Paraibano
paraiba;DESPORTIVA GUARABIRA;Desportiva Guarabira
paraiba;ESPORTE;Esporte Clube de Patos
paraiba;FEMAR;Femar
paraiba;INTERNACIONAL;Internacional Esporte Clube
paraiba;MIRAMAR;Miramar Esporte Clube
paraiba;NACIONAL;Nacional Atlético Clube
paraiba;PERILIMA;Desportiva Perilima de Futebol Ltda
paraiba;PICUIENSE;Clube Atlético Picuiense
paraiba;POMBAL;Pombal Esporte Clube
paraiba;QUEIMADENSE;Associação Desportiva Queimadense
paraiba;SABUGY;Sabugy Futebol Clube
paraiba;SERRA BRANCA;Serra Branca Esporte Clube
paraiba;SERRANO;Serrano Futebol Clube
paraiba;SOUSA;Sousa Esporte Clube
paraiba;SPARTAX;Spartax Sport Club
paraiba;SPORT LAGOA SECA;Sport Club Lagoa Seca
paraiba;SÃO PAULO CRYSTAL;São Paulo Crystal
paraiba;TREZE;Treze
parana;ANDRAUS;Andraus Brasil
parana;APUCARANA SPORTS;Apucarana Sports
parana;ARAPONGAS;Arapongas Esporte Clube
parana;ARAUCÁRIA;Araucária Esporte Clube
parana;ARUKO;Galo Maringá
parana;ATHLETICO PARANAENSE;Athletico Paranaense
parana;ATHLETICO PARANAENSE B;Athletico Paranaense
parana;AZURIZ;Azuriz
parana;AZURIZ FUTEBOL;Azuriz
parana;BATEL;Batel
parana;CAMBÉ;Cambé Atlético Clube
parana;CAMPO MOURÃO;Sport Club Campo Mourão
parana;CASCAVEL;Futebol Clube Cascavel
parana;CIANORTE;Cianorte Futebol Clube
parana;CITY LONDON;City London Futebol Clube
parana;CORITIBA;Coritiba Foot Ball Club
parana;CORITIBA B;Coritiba Foot Ball Club
parana;FOZ DO IGUAÇU;Foz do Iguaçu Futebol Clube
parana;GALO MARINGÁ;Galo Maringá
parana;GRECAL;Grêmio Esportivo Campo Largo
parana;GRÊMIO MARINGÁ;Grêmio de Esportes Maringá
parana;HOPE INTERNACIONAL;Hope Internacional
parana;IGUAÇU;Associação Atlética Iguaçu
parana;IRATY;Iraty Sport Club
parana;LARANJA MECÂNICA;Sport Club Laranja Mecânica
parana;LEÃO DO VALE - CIANORTE;Cianorte Futebol Clube
parana;LONDRINA;Londrina Esporte Clube
parana;MARINGÁ;Maringá Futebol Clube
parana;NACIONAL;Nacional Atlético Clube
parana;OESTE BRASIL;Oeste Brasil Futebol Clube
parana;OPERÁRIO;Operário Ferroviário Esporte Clube
parana;OPERÁRIO FERROVIÁRIO;Operário Ferroviário Esporte Clube
parana;PARANAVAÍ;Atlético Clube Paranavaí
parana;PARANÁ;Paraná Clube
parana;PATRIOTAS;Patriotas Futebol Clube
parana;PORTUGUESA LONDRINENSE;Associação Portuguesa Londrinense
parana;PRUDENTÓPOLIS;Prudentópolis Futebol Clube
parana;PSTC;Paraná Soccer Technical Center
parana;RIO BRANCO;Rio Branco Sport Club
parana;RIO BRANCO SPORT CLUB;Rio Branco Sport Club
parana;ROLÂNDIA;Rolândia Esporte Clube
parana;SÃO JOSEENSE;Independente São Joseense
parana;SÃOJOSEENSE;Independente São Joseense
parana;TOLEDO;Toledo Esporte Clube
parana;UNIÃO BELTRÃO;União Francisco Beltrão
parana;VERÊ;Verê Futebol Clube
pernambuco;1° DE MAIO;1º de Maio Esporte Clube
pernambuco;AFOGADOS;Afogados da Ingazeira Futebol Clube
pernambuco;AFOGADOS DA INGAZEIRA;Afogados da Ingazeira Futebol Clube
pernambuco;AMÉRICA;América Futebol Clube
pernambuco;ATLÉTICO PERNAMBUCANO;Clube Atlético Pernambucano
pernambuco;BARREIROS;Barreiros Futebol Clube
pernambuco;BELO JARDIM;Belo Jardim Futebol Clube
pernambuco;CABENSE;Associação Atlética Cabense
pernambuco;CARUARU CITY;Caruaru City Sport Club
pernambuco;CENTRAL;Central Sport Club
pernambuco;CENTRO LIMOEIRENSE;Centro Limoeirense de Futebol
pernambuco;CHÃ GRANDE;Chã Grande Futebol Clube
pernambuco;DECISÃO;Decisão Futebol Clube
pernambuco;FERROVIÁRIO DO CABO;Ferroviário Esporte Clube do Cabo
pernambuco;FLAMENGO;Flamengo de Arcoverde
pernambuco;IPOJUCA;Ipojuca Atlético Clube
pernambuco;JAGUAR;Jaguar Esporte Clube
pernambuco;MAGUARY;Associação Atlética Maguary
pernambuco;NÁUTICO;Clube Náutico Capibaribe
pernambuco;PESQUEIRA;Pesqueira Futebol Clube
pernambuco;PETROLINA;Petrolina Social Futebol Clube
pernambuco;PORTO;Clube Atlético do Porto
pernambuco;RETRÔ;Retrô Futebol Clube Brasil
pernambuco;SALGUEIRO;Salgueiro Atlético Clube
pernambuco;SANTA CRUZ;Santa Cruz Futebol Clube
pernambuco;SANTA FÉ;Santa Fé Futebol Clube
pernambuco;SERRANO;Serrano Futebol Clube
pernambuco;SETE DE SETEMBRO;Sete de Setembro Esporte Clube
pernambuco;SPORT;Sport Club do Recife
pernambuco;TIMBAÚBA;Timbaúba Futebol Clube
pernambuco;TORRES BRASIL;Torres Brasil
pernambuco;VERA CRUZ;Vera Cruz Futebol Clube
pernambuco;VITÓRIA DAS TABOCAS;Associação Desportiva Vitória
pernambuco;YPIRANGA;Ypiranga Futebol Clube
pernambuco;ÁGUIA DE CUMARU;Águia de Cumaru
pernambuco;ÍBIS;Íbis Sport Club
piaui;4 DE JULHO;4 de Julho Esporte Clube
piaui;ALTOS;Associação Atlética de Altos
piaui;ATLÉTICO PIAUIENSE;Atlético Piauiense
piaui;CAIÇARA;Caiçara Esporte Clube
piaui;COMERCIAL;Comercial Atlético Clube
piaui;CORISABBÁ;Associação Atlética Corisabbá
piaui;FERROVIÁRIO;Ferroviário Atlético Clube
piaui;FLAMENGO;Esporte Clube Flamengo
piaui;FLUMINENSE;Fluminense Esporte Clube
piaui;OEIRENSE;Associação Atlética Oeirense
piaui;PARNAHYBA;Parnahyba Sport Club
piaui;PIAUÍ;Piauí Esporte Clube
piaui;PICOS;Sociedade Esportiva de Picos
piaui;RÍVER;Ríver Atlético Clube
piaui;TERESINA;Teresina Esporte Clube
piaui;TIMON;Esporte Clube Timon
piaui;TIRADENTES;Associação Atlética Tiradentes
rio_de_janeiro;7 DE ABRIL;7 de Abril Futebol Clube
rio_de_janeiro;AMERICA;America Football Club
rio_de_janeiro;AMERICANO;Americano Futebol Clube
rio_de_janeiro;ANGRA DOS REIS;Angra dos Reis Esporte Clube
rio_de_janeiro;ARARUAMA;Araruama Futebol Clube
rio_de_janeiro;ARRAIAL DO CABO;Arraial do Cabo Esporte Clube
rio_de_janeiro;ATLÉTICO CARIOCA;Atlético Carioca
rio_de_janeiro;AUDAX RIO;Audax Rio
rio_de_janeiro;BANGU;Bangu Atlético Clube
rio_de_janeiro;BARCELONA;Barcelona Esporte Clube
rio_de_janeiro;BARRA DA TIJUCA;Sociedade Esportiva Barra da Tijuca
rio_de_janeiro;BARRA MANSA;Barra Mansa Futebol Clube
rio_de_janeiro;BELA VISTA;Bela Vista Futebol Clube
rio_de_janeiro;BELFORD ROXO;Sociedade Esportiva Belford Roxo
rio_de_janeiro;BOAVISTA;Boavista Sport Club
rio_de_janeiro;BONSUCESSO;Bonsucesso Futebol Clube
rio_de_janeiro;BOTAFOGO;Botafogo de Futebol e Regatas
rio_de_janeiro;BRASILEIRINHO;Brasileirinho Clube de Futebol
rio_de_janeiro;BRÉSCIA;Bréscia Futebol Clube
rio_de_janeiro;BÚZIOS;Sociedade Esportiva Búzios
rio_de_janeiro;CAAC BRASIL;Centro de Aprendizado e Apoio ao Craque Brasil
rio_de_janeiro;CABOFRIENSE;Associação Desportiva Cabofriense
rio_de_janeiro;CAMPO GRANDE;Campo Grande Atlético Clube
rio_de_janeiro;CAMPOS;Campos Associação Atlética
rio_de_janeiro;CARAPEBUS;Carapebus Esporte Clube
rio_de_janeiro;CASIMIRO DE ABREU;Casimiro de Abreu Esporte Clube
rio_de_janeiro;CERES;Ceres Futebol Clube
rio_de_janeiro;DUQUE CAXIENSE;Duque Caxiense Futebol Clube
rio_de_janeiro;DUQUE DE CAXIAS;Esporte Clube Duque de Caxias
rio_de_janeiro;FLAMENGO;Clube de Regatas do Flamengo
rio_de_janeiro;FLUMINENSE;Fluminense Football Club
rio_de_janeiro;FRIBURGUENSE;Friburguense Atlético Clube
rio_de_janeiro;GONÇALENSE;Petrópolis Futebol Clube
rio_de_janeiro;GOYTACAZ;Goytacaz Futebol Clube
rio_de_janeiro;IMPÉRIO SERRANO;Império Serrano
rio_de_janeiro;INDEPENDENTE;Independente Esporte Clube
rio_de_janeiro;ITABORAÍ PROFUTE;Itaboraí Profute Futebol Clube
rio_de_janeiro;JUVENTUS;Juventus Futebol Clube
rio_de_janeiro;MACAÉ;Macaé Esporte Futebol Clube
rio_de_janeiro;MADUREIRA;Madureira Esporte Clube
rio_de_janeiro;MAGEENSE;Mageense Futebol Clube
rio_de_janeiro;MARICÁ;Maricá Futebol Clube
rio_de_janeiro;MESQUITA;Mesquita Futebol Clube
rio_de_janeiro;NITEROIENSE;Niterói Futebol Clube
rio_de_janeiro;NOVA CIDADE;Nova Cidade Futebol Clube
rio_de_janeiro;NOVA IGUAÇU;Nova Iguaçu Futebol Clube
rio_de_janeiro;OLARIA;Olaria Atlético Clube
rio_de_janeiro;PADUANO;Paduano Esporte Clube
rio_de_janeiro;PARATY;Paraty Esporte Clube
rio_de_janeiro;PARAÍBA DO SUL;Paraíba do Sul Futebol Clube
rio_de_janeiro;PETRÓPOLIS;Petrópolis Futebol Clube
rio_de_janeiro;PORTUGUESA;Associação Atlética Portuguesa
rio_de_janeiro;PÉROLAS NEGRAS;Academia Pérolas Negras
rio_de_janeiro;QUEIMADOS;Queimados Futebol Clube
rio_de_janeiro;RESENDE;Resende Futebol Clube
rio_de_janeiro;RIO DE JANEIRO;Rio de Janeiro Esporte Clube
rio_de_janeiro;RIO SÃO PAULO;Rio São Paulo Futebol Clube
rio_de_janeiro;RIOSTRENSE;Associação Esportiva Riostrense
rio_de_janeiro;SAMPAIO CORRÊA;Sampaio Corrêa Futebol e Esporte
rio_de_janeiro;SANTA CRUZ;Santa Cruz Futebol Clube
rio_de_janeiro;SERRA MACAENSE;Serra Macaense Futebol Clube
rio_de_janeiro;SERRANO;Serrano Football Club
rio_de_janeiro;SÃO CRISTÓVÃO;São Cristóvão de Futebol e Regatas
rio_de_janeiro;SÃO GONÇALO;São Gonçalo Esporte Clube
rio_de_janeiro;SÃO JOSÉ DE ITAPERUNA;São José Esporte Clube
rio_de_janeiro;TIGRES DO BRASIL;Esporte Clube Tigres do Brasil
rio_de_janeiro;UNI SOUZA;Uni Souza Futebol Clube
rio_de_janeiro;UNIVASSOURAS ARTSUL;Univassouras Artsul Futebol Clube
rio_de_janeiro;UNIÃO CENTRAL;UNIÃO CENTRAL
rio_de_janeiro;VASCO;Club de Regatas Vasco da Gama
rio_de_janeiro;VASCO DA GAMA;Club de Regatas Vasco da Gama
rio_de_janeiro;VERA CRUZ;Vera Cruz Futebol Clube
rio_de_janeiro;VOLTA REDONDA;Volta Redonda Futebol Clube
rio_de_janeiro;ZINZA;Zinza Futebol Clube
rio_grande_do_norte;ABC;ABC Futebol Clube
rio_grande_do_norte;ALECRIM;Alecrim Futebol Clube
rio_grande_do_norte;AMÉRICA;América Futebol Clube
rio_grande_do_norte;ASSU;Associação Sportiva Sociedade Unida
rio_grande_do_norte;BARAÚNAS;Associação Cultural e Desportiva Baraúnas
rio_grande_do_norte;FORÇA E LUZ;Força e Luz
rio_grande_do_norte;GLOBO;Globo
rio_grande_do_norte;LAGUNA;Laguna
rio_grande_do_norte;MOSSORÓ;Mossoró
rio_grande_do_norte;PALMEIRA DE GOIANINHA;Palmeira de Goianinha
rio_grande_do_norte;PARNAMIRIM;Parnamirim
rio_grande_do_norte;POTENGI;Potyguar de Currais Novos
rio_grande_do_norte;POTIGUAR;Associação Cultural e Desportiva Potiguar
rio_grande_do_norte;POTYGUAR SERIDOENSE;Potyguar Seridoense
rio_grande_do_norte;QFC;QFC
rio_grande_do_norte;RIACHUELO;Riachuelo Atlético Clube
rio_grande_do_norte;RIO GRANDE;Sport Club Rio Grande
rio_grande_do_norte;SANTA CRUZ DE NATAL;Santa Cruz de Natal
rio_grande_do_norte;UNIVAP APODI;Univap Apodi
rio_grande_do_norte;VISÃO CELESTE;Visão Celeste
rio_grande_do_sul;12 HORAS;12 Horas
rio_grande_do_sul;AIMORÉ;Aimoré
rio_grande_do_sul;APAFUT;Apafut
rio_grande_do_sul;ATLÉTICO;Atlético de Carazinho
rio_grande_do_sul;AVENIDA;Esporte Clube Avenida
rio_grande_do_sul;BAGÉ;Grêmio Esportivo Bagé
rio_grande_do_sul;BRASIL;Grêmio Esportivo Brasil
rio_grande_do_sul;BRASIL DE FARROUPILHA;Sociedade Esportiva e Recreativa Brasil
rio_grande_do_sul;CAXIAS;Sociedade Esportiva e Recreativa Caxias do Sul
rio_grande_do_sul;CLUBE 1992;Clube 1992
rio_grande_do_sul;CRUZEIRO;Esporte Clube Cruzeiro
rio_grande_do_sul;ELITE CD;Elite Clube Desportivo
rio_grande_do_sul;ESPORTIVO;Clube Esportivo de Bento Gonçalves
rio_grande_do_sul;FARROUPILHA;Grêmio Atlético Farroupilha
rio_grande_do_sul;FUTEBOL COM VIDA;Futebol Com Vida SAF
rio_grande_do_sul;GARIBALDI;Garibaldi Esporte Clube
rio_grande_do_sul;GAÚCHO;Sport Club Gaúcho
rio_grande_do_sul;GE BRASIL;Grêmio Esportivo Brasil
rio_grande_do_sul;GLÓRIA;Grêmio Esportivo Glória
rio_grande_do_sul;GRAMADENSE;Esporte Clube Gramadense
rio_grande_do_sul;GRÊMIO;Grêmio Foot-Ball Porto Alegrense
rio_grande_do_sul;GRÊMIO B;Grêmio Foot-Ball Porto Alegrense
rio_grande_do_sul;GRÊMIO S23;Grêmio Foot-Ball Porto Alegrense
rio_grande_do_sul;GUARANI V. AIRES;Esporte Clube Guarani
rio_grande_do_sul;GUARANY;Esporte Clube Guarany
rio_grande_do_sul;GUARANY DE BAGÉ;Esporte Clube Guarany
rio_grande_do_sul;IGREJINHA;Esporte Clube Igrejinha
rio_grande_do_sul;INTER SM;Inter de Santa Maria
rio_grande_do_sul;INTERNACIONAL;Sport Club Internacional
rio_grande_do_sul;INTERNACIONAL B;Sport Club Internacional
rio_grande_do_sul;JUVENTUDE;Esporte Clube Juventude
rio_grande_do_sul;JUVENTUDE B;Esporte Clube Juventude
rio_grande_do_sul;LAJEADENSE;Clube Esportivo Lajeadense
rio_grande_do_sul;MARAU;Sport Club Marau
rio_grande_do_sul;MONSOON;Monsoon Futebol Clube
rio_grande_do_sul;NOVA PRATA;Associação Nova Prata de Esportes
rio_grande_do_sul;NOVO HAMBURGO;Esporte Clube Novo Hamburgo
rio_grande_do_sul;NOVO HORIZONTE;Novo Horizonte Futebol Clube
rio_grande_do_sul;PASSO FUNDO;Esporte Clube Passo Fundo
rio_grande_do_sul;PELOTAS;Esporte Clube Pelotas
rio_grande_do_sul;PRS;PRS Futebol Clube
rio_grande_do_sul;REAL SPORT CLUB;Real Sport Club
rio_grande_do_sul;RIO GRANDE;Sport Club Rio Grande
rio_grande_do_sul;RIOGRANDENSE;Esporte Clube Riograndense
rio_grande_do_sul;RIOPARDENSE;Esporte Clube Riopardense
rio_grande_do_sul;SANTA CRUZ;Futebol Clube Santa Cruz
rio_grande_do_sul;SANTO ÂNGELO;Esporte Clube Santo Ângelo
rio_grande_do_sul;SAPUCAIENSE;Futebol Clube Sapucaiense
rio_grande_do_sul;SER CRUZ ALTA;Sociedade Esportiva e Recreativa Cruz Alta
rio_grande_do_sul;SÃO BORJA;Associação Esportiva São Borja
rio_grande_do_sul;SÃO GABRIEL;Esporte Clube São Gabriel
rio_grande_do_sul;SÃO JOSÉ;Esporte Clube São José
rio_grande_do_sul;SÃO LUIZ;Esporte Clube São Luiz
rio_grande_do_sul;SÃO PAULO;Sport Club São Paulo
rio_grande_do_sul;TRÊS PASSOS;Três Passos Atlético Clube
rio_grande_do_sul;UNIÃO FREDERIQUENSE;União Frederiquense de Futebol
rio_grande_do_sul;UNIÃO HARMONIA;União Harmonia Futebol Clube
rio_grande_do_sul;YPIRANGA;Ypiranga de Erechim
rondonia;BARCELONA;Barcelona Futebol Clube
rondonia;GAZIN PORTO VELHO;Porto Velho Esporte Clube
rondonia;GENUS;Sport Club Genus de Porto Velho
rondonia;GUAJARÁ;Guajará Esporte Clube
rondonia;GUAPORÉ;Associação Desportiva Guaporé
rondonia;JI-PARANÁ;Ji-Paraná Futebol Clube
rondonia;PIMENTENSE;Sociedade Esportiva Pimentense
rondonia;PORTO VELHO;Porto Velho Esporte Clube
rondonia;PORTO VELHO ESPORTE CLUBE;Porto Velho Esporte Clube
rondonia;REAL ARIQUEMES;Real Ariquemes Esporte Clube
rondonia;ROLIM DE MOURA;Rolim de Moura Esporte Clube
rondonia;RONDONIENSE;Rondoniense Social Clube
rondonia;UNIÃO CACOALENSE;Sociedade Esportiva União Cacoalense
rondonia;VILHENA;Vilhena Esporte Clube
rondonia;VILHENENSE;Vilhenense Esportivo Clube
roraima;ATLÉTICO RORAIMA;Atlético Roraima Clube
roraima;BARÉ;Baré Esporte Clube
roraima;G.A.S;Grêmio Atlético Sampaio
roraima;GAS;Grêmio Atlético Sampaio
roraima;MONTE RORAIMA;Atlético Monte Roraima
roraima;NÁUTICO;Atlético Roraimense
roraima;PROGRESSO;Progresso Futebol Clube
roraima;REAL;Real Esporte Clube
roraima;RIO NEGRO;Atlético Rio Negro Clube
roraima;RIVER;River Esporte Clube
roraima;SAMPAIO;Sampaio Esporte Clube
roraima;SÃO RAIMUNDO;São Raimundo Esporte Clube
santa_catarina;ATLÉTICO BATISTENSE;Atlético Batistense
santa_catarina;ATLÉTICO CATARINENSE;Atlético Catarinense
santa_catarina;ATLÉTICO ITAJAÍ;Clube Atlético Itajaí
santa_catarina;ATLÉTICO TUBARÃO;Clube Atlético Tubarão
santa_catarina;AVAÍ;Avaí Futebol Clube
santa_catarina;AVAÍ B;Avaí Futebol Clube
santa_catarina;BARRA;Barra Futebol Clube
santa_catarina;BLUMENAU;Blumenau Esporte Clube
santa_catarina;BRUSQUE;Brusque Futebol Clube
santa_catarina;CAMBORIÚ;Camboriú Futebol Clube
santa_catarina;CANOINHAS;Canoinhas Atlético Clube
santa_catarina;CARAVAGGIO;Caravaggio Futebol Clube
santa_catarina;CARLOS RENAUX;Clube Atlético Carlos Renaux
santa_catarina;CAÇADOR;Caçador Atlético Clube
santa_catarina;CHAPECOENSE;Associação Chapecoense de Futebol
santa_catarina;CHAPECOENSE B;Associação Chapecoense de Futebol
santa_catarina;CONCORDIA ATLÉTICO CLUBE;Concórdia Atlético Clube
santa_catarina;CONCÓRDIA;Concórdia Atlético Clube
santa_catarina;CRICIÚMA;Criciúma Esporte Clube
santa_catarina;CRICIÚMA B;Criciúma Esporte Clube
santa_catarina;FIGUEIRENSE;Figueirense Futebol Clube
santa_catarina;FLUMINENSE DE JOINVILLE;Fluminense Futebol Clube
santa_catarina;GUARANI;Guarani de Palhoça
santa_catarina;HERCÍLIO LUZ;Hercílio Luz Futebol Clube
santa_catarina;IMBITUBA;Centro Esportivo Recreativo e Cultural Imbituba
santa_catarina;INTER DE LAGES;Esporte Clube Internacional
santa_catarina;JARAGUÁ;Jaraguá
santa_catarina;JOINVILLE;Joinville
santa_catarina;JUVENTUS;Juventus
santa_catarina;JUVENTUS JARAGUÁ;Juventus
santa_catarina;MARCÍLIO DIAS;Marcílio Dias
santa_catarina;METROPOLITANO;Metropolitano
santa_catarina;NAVEGANTES;Navegantes Esporte Clube
santa_catarina;NAÇÃO;Nação Esportes
santa_catarina;ORLEANS;Orleans Esporte Clube
santa_catarina;PEDRA BRANCA;Pedra Branca Esporte Clube
santa_catarina;PORTO;Associação Porto União
santa_catarina;PRÓSPERA;Esporte Clube Próspera
santa_catarina;SANTA CATARINA;Santa Catarina Clube
santa_catarina;TUBARÃO;Clube Atlético Tubarão
sao_paulo;AMPARO;Amparo Athlético Club
sao_paulo;AMÉRICA;América Futebol Clube
sao_paulo;ANDRADINA;Andradina Esporte Clube
sao_paulo;ARAÇATUBA;Atlético Araçatuba
sao_paulo;ASSISENSE;Associação Esportiva Santacruzense
sao_paulo;ATIBAIA;Sport Club Atibaia
sao_paulo;ATLÉTICO MOGI;Atlético Mogi
sao_paulo;BANDEIRANTE;Bandeirante Esporte Clube
sao_paulo;BARCELONA ESPORTIVO;Barcelona Esportivo Capela
sao_paulo;BARRETOS;Barretos Esporte Clube
sao_paulo;BATATAIS;Batatais Futebol Clube
sao_paulo;BOTAFOGO;Botafogo Futebol Clube
sao_paulo;BRASILIS;Brasilis Futebol Clube
sao_paulo;CA VOTUPORANGUENSE;Clube Atlético Votuporanguense
sao_paulo;CAPIVARIANO;Capivariano Futebol Clube
sao_paulo;CATANDUVA;Catanduva Futebol Clube
sao_paulo;COLORADO CAIEIRAS;Colorado Caieiras
sao_paulo;COMERCIAL;Comercial Futebol Clube
sao_paulo;CORINTHIANS;Sport Club Corinthians Paulista
sao_paulo;DESPORTIVO BRASIL;Desportivo Brasil
sao_paulo;ECUS;Esporte Clube União Suzano
sao_paulo;ELOSPORT CAPÃO BONITO;Elosport Capão Bonito
sao_paulo;FERNANDÓPOLIS;Fernandópolis Futebol Clube
sao_paulo;FERROVIÁRIA;Associação Ferroviária de Esportes
sao_paulo;FLAMENGO;Associação Atlética Flamengo
sao_paulo;FRANCANA;Associação Atlética Francana
sao_paulo;GRÊMIO MAUAENSE;Grêmio Esportivo Mauaense
sao_paulo;GRÊMIO NOVORIZONTINO;Grêmio Novorizontino
sao_paulo;GRÊMIO OSASCO;Grêmio Esportivo Osasco
sao_paulo;GRÊMIO PRUDENTE;Grêmio Prudente
sao_paulo;GRÊMIO SÃO-CARLENSE;Grêmio São-Carlense
sao_paulo;GUARANI;Guarani
sao_paulo;GUARULHOS;Associação Atlética Flamengo (Guarulhos)
sao_paulo;INDEPENDENTE DE LIMEIRA;Independente de Limeira
sao_paulo;INTER DE BEBEDOURO;Associação Atlética Internacional (Bebedouro)
sao_paulo;INTER DE LIMEIRA;Associação Atlética Internacional (Limeira)
sao_paulo;ITAPIRENSE;Sociedade Esportiva Itapirense
sao_paulo;ITARARÉ;Associação Atlética Itararé
sao_paulo;ITUANO;Ituano Futebol Clube
sao_paulo;JABAQUARA;Jabaquara Atlético Clube
sao_paulo;JOSEENSE;Jacareí Futebol Clube
sao_paulo;JUVENTUS;Clube Atlético Juventus
sao_paulo;LEMENSE;Esporte Clube Lemense
sao_paulo;LINENSE;Clube Atlético Linense
sao_paulo;MANTHIQUEIRA;Associação Desportiva Manthiqueira
sao_paulo;MARÍLIA;Marília Atlético Clube
sao_paulo;MATONENSE;Sociedade Esportiva Matonense
sao_paulo;MAUÁ;Mauá Futebol Clube
sao_paulo;MIRASSOL;Mirassol Futebol Clube
sao_paulo;MOGI MIRIM;Mogi Mirim Esporte Clube
sao_paulo;MONTE AZUL;Atlético Monte Azul
sao_paulo;NACIONAL;Nacional Atlético Clube
sao_paulo;NOROESTE;Esporte Clube Noroeste
sao_paulo;NOVORIZONTINO;Grêmio Novorizontino
sao_paulo;OESTE;Oeste Futebol Clube
sao_paulo;OLÍMPIA;Olímpia Futebol Clube
sao_paulo;OSASCO;Grêmio Osasco Audax
sao_paulo;OSASCO AUDAX;Grêmio Osasco Audax
sao_paulo;OSVALDO CRUZ;Osvaldo Cruz Futebol Clube
sao_paulo;PALMEIRAS;Sociedade Esportiva Palmeiras
sao_paulo;PAULISTA;Paulista Futebol Clube
sao_paulo;PENAPOLENSE;Clube Atlético Penapolense
sao_paulo;PONTE PRETA;Associação Atlética Ponte Preta
sao_paulo;PORTUGUESA;Associação Portuguesa de Desportos
sao_paulo;PORTUGUESA SANTISTA;Associação Atlética Portuguesa
sao_paulo;PRIMAVERA;Esporte Clube Primavera
sao_paulo;RED BULL BRAGANTINO;Red Bull Bragantino
sao_paulo;RED BULL BRAGANTINO II;Red Bull Bragantino II
sao_paulo;RED BULL BRASIL;Red Bull Brasil
sao_paulo;RIO BRANCO;Rio Branco Esporte Clube
sao_paulo;RIO CLARO;Rio Claro Futebol Clube
sao_paulo;RIO PRETO;Rio Preto Esporte Clube
sao_paulo;SANTACRUZENSE;Esporte Clube Santacruzense
sao_paulo;SANTO ANDRÉ;Esporte Clube Santo André
sao_paulo;SANTOS;Santos Futebol Clube
sao_paulo;SERTÃOZINHO;Sertãozinho Futebol Clube
sao_paulo;SKA BRASIL;SKA Brasil
sao_paulo;SPORT ATIBAIA;SPORT ATIBAIA
sao_paulo;SÃO BENTO;Esporte Clube São Bento
sao_paulo;SÃO BERNARDO;São Bernardo Futebol Clube
sao_paulo;SÃO CAETANO;Associação Desportiva São Caetano
sao_paulo;SÃO CARLOS;São Carlos Futebol Clube
sao_paulo;SÃO JOSÉ;São José Esporte Clube
sao_paulo;SÃO PAULO;São Paulo Futebol Clube
sao_paulo;TANABI;Tanabi Esporte Clube
sao_paulo;TAQUARITINGA;Clube Atlético Taquaritinga
sao_paulo;TAUBATÉ;Esporte Clube Taubaté
sao_paulo;TUPÃ;Tupã Futebol Clube
sao_paulo;UNIÃO BARBARENSE;União Barbarense
sao_paulo;UNIÃO MOGI;União Mogi
sao_paulo;UNIÃO SUZANO;União Suzano
sao_paulo;UNIÃO SÃO JOÃO;União São João
sao_paulo;VELO CLUBE;Velo Clube
sao_paulo;VOCEM;VOCEM
sao_paulo;VOTUPORANGUENSE;Clube Atlético Votuporanguense
sao_paulo;XV DE JAÚ;Esporte Clube XV de Novembro de Jaú
sao_paulo;XV DE PIRACICABA;Esporte Clube XV de Novembro de Piracicaba
sao_paulo;ÁGUA SANTA;Esporte Clube Água Santa
sergipe;AD CARMÓPOLIS;Associação Desportiva Carmópolis
sergipe;AMADENSE;Amadense Esporte Clube
sergipe;AMÉRICA;América de Propriá
sergipe;AMÉRICA DE PEDRINHAS;América de Pedrinhas
sergipe;ARACAJU;Aracaju Futebol Clube
sergipe;ATLÉTICO CENTRAL;Atlético Central
sergipe;ATLÉTICO GLORIENSE;Atlético Gloriense
sergipe;BARRA;Barra dos Coqueiros
sergipe;BOCA JÚNIOR;Associação Desportiva Boca Júnior Futebol Clube
sergipe;BOQUINHENSE;Sociedade Boca Júnior Futebol Clube
sergipe;BOTAFOGO;Botafogo Associação Sergipana de Futebol
sergipe;CANINDÉ;Canindé Esporte Clube
sergipe;CONFIANÇA;Associação Desportiva Confiança
sergipe;CORITIBA;Coritiba Foot Ball Club
sergipe;COTINGUIBA;Cotinguiba Esporte Clube
sergipe;DESPORTIVA ARACAJU;Associação Desportiva Aracaju
sergipe;DORENSE;Dorense Futebol Clube
sergipe;ESTANCIANO;Estanciano Esporte Clube
sergipe;FALCON;Falcon Futebol Clube
sergipe;FLAMENGO;Associação Desportiva Flamengo
sergipe;FORÇA JOVEM AQUIDABÃ;Força Jovem Aquidabã
sergipe;FREI PAULISTANO;Associação Desportiva Frei Paulistano
sergipe;GUARANY;Associação Desportiva Atlética Guarany
sergipe;INDEPENDENTE;Independente Futebol Clube
sergipe;ITABAIANA;Associação Olímpica de Itabaiana
sergipe;LAGARTO;Lagarto Futebol Clube
sergipe;MARUINENSE;Club Sportivo Maruinense
sergipe;OLÍMPICO;Olímpico Esporte Clube
sergipe;PROPRIÁ;Esporte Clube Propriá
sergipe;RIACHÃO;Riachão Esporte Clube
sergipe;SANTA CRUZ RIACHUELO;Santa Cruz Esporte Clube
sergipe;SERGIPE;Club Sportivo Sergipe
sergipe;SETE DE JUNHO;Sete de Junho Esporte Clube
sergipe;SOCORRENSE;SOCORRENSE
sergipe;SOCORRO;Socorro Sport Club
tocantins;ALVORADA;Alvorada Esporte Clube
tocantins;ARAGUACEMA;Araguacema Futebol Clube
tocantins;ARAGUAIA DE PALMAS;Araguaia de Palmas
tocantins;ARAGUAÍNA;Araguaína Futebol e Regatas
tocantins;ARSENAL;Arsenal Esporte Clube
tocantins;ATLÉTICO CERRADO;Atlético Cerrado
tocantins;BATALHÃO;Batalhão Futebol Clube
tocantins;BELA VISTA;Bela Vista Futebol Clube
tocantins;CAPITAL;Capital Futebol Clube
tocantins;CENTRAL PARAÍSO;Central Paraíso Esporte Clube
tocantins;COLINAS;Colinas Esporte Clube
tocantins;GUARAÍ;Sport Club Guaraí
tocantins;GURUPI;Gurupi Esporte Clube
tocantins;INTERPORTO;Interporto Futebol Clube
tocantins;MIRANORTE;Miranorte Esporte Clube
tocantins;NOVA CONQUISTA;Nova Conquista Esporte Clube
tocantins;PALMAS;Palmas Futebol e Regatas
tocantins;PARAÍSO;Paraíso Esporte Clube
tocantins;SPARTA;Sparta Futebol Clube
tocantins;SÃO JOSÉ;São José Esporte Clube
tocantins;TAQUARUSSÚ;Taquarussú Esporte Clube
tocantins;TOCANTINS MIRACEMA;Tocantins Esporte Clube
tocantins;TOCANTINÓPOLIS;Tocantinópolis Esporte Clube
tocantins;UNIÃO ATLÉTICA ARAGUAINENSE;União Atlética Araguainense
tocantins;UNIÃO ATLÉTICO;União Atlética Araguainense
tocantins;UNIÃO ATLÉTICO CLUBE;União Atlética Araguainense
tocantins;UNIÃO DE PALMAS;União Atlética de Palmas
